rep ,researcher,region,site,microsite_number,microsite,lat ,long,date,temperature,humidity
1,mz,Carrizo,Carrizo_3,1,open,35.16221,-119.67395,05/11/2022,16.76,24.02
2,mz,Carrizo,Carrizo_3,1,open,35.16256,-119.67392,05/11/2022,18.4,22.27
3,mz,Carrizo,Carrizo_3,2,open,35.16247,-119.67448,05/11/2022,14.16,25.44
4,mz,Carrizo,Carrizo_3,2,open,35.1627,-119.67415,05/11/2022,15.38,28.72
5,mz,Carrizo,Carrizo_3,1,high,35.16297,-119.67397,05/11/2022,16.49,22.87
6,mz,Carrizo,Carrizo_3,1,high,35.16303,-119.67406,05/11/2022,17.3,22.01
7,mz,Carrizo,Carrizo_3,1,high,35.16304,-119.67407,05/11/2022,17.46,21.69
8,mz,Carrizo,Carrizo_3,1,high,35.16312,-119.67412,05/11/2022,17.72,21.05
9,mz,Carrizo,Carrizo_3,1,high,35.16315,-119.67398,05/11/2022,17.25,22.76
10,mz,Carrizo,Carrizo_3,1,high,35.16313,-119.67397,05/11/2022,16.74,23.26
11,mz,Carrizo,Carrizo_3,1,high,35.16315,-119.67391,05/11/2022,14.74,25.66
12,mz,Carrizo,Carrizo_3,1,high,35.16313,-119.67377,05/11/2022,15.6,25.74
13,mz,Carrizo,Carrizo_3,1,high,35.1631,-119.67376,05/11/2022,17.24,23.38
14,mz,Carrizo,Carrizo_3,1,high,35.16309,-119.67374,05/11/2022,18.03,22.68
15,mz,Carrizo,Carrizo_3,2,high,35.16299,-119.67388,05/11/2022,15.82,24.03
16,mz,Carrizo,Carrizo_3,2,high,35.16285,-119.67444,05/11/2022,16.45,24.63
17,mz,Carrizo,Carrizo_3,2,high,35.16288,-119.67448,05/11/2022,15.49,26.28
18,mz,Carrizo,Carrizo_3,2,high,35.16291,-119.67451,05/11/2022,17.36,24.6
19,mz,Carrizo,Carrizo_3,2,high,35.16292,-119.67452,05/11/2022,17.74,23.46
20,mz,Carrizo,Carrizo_3,2,high,35.16293,-119.67468,05/11/2022,17.73,23.59
21,mz,Carrizo,Carrizo_3,2,high,35.1629,-119.67468,05/11/2022,18.91,22.18
22,mz,Carrizo,Carrizo_3,2,high,35.16283,-119.67464,05/11/2022,17.55,21.64
23,mz,Carrizo,Carrizo_3,2,high,35.16283,-119.67462,05/11/2022,16.89,23.06
24,mz,Carrizo,Carrizo_3,2,high,35.16278,-119.67467,05/11/2022,17.06,24.74
25,mz,Carrizo,Carrizo_3,2,high,35.16271,-119.6747,05/11/2022,16.4,25.43
26,mz,Carrizo,Carrizo_3,2,high,35.16269,-119.67458,05/11/2022,15.32,26.42
27,mz,Carrizo,Carrizo_3,2,high,35.16273,-119.67458,05/11/2022,15.31,26.7
28,mz,Carrizo,Carrizo_3,1,open,35.16221,-119.67395,05/17/2022,25.62,18.88
29,mz,Carrizo,Carrizo_3,1,open,35.16256,-119.67392,05/17/2022,24.61,19.2
30,mz,Carrizo,Carrizo_3,2,open,35.16247,-119.67448,05/17/2022,27.87,16.88
31,mz,Carrizo,Carrizo_3,2,open,35.1627,-119.67415,05/17/2022,30.5,13.54
32,mz,Carrizo,Carrizo_3,1,high,35.16297,-119.67397,05/17/2022,24.85,19.61
33,mz,Carrizo,Carrizo_3,1,high,35.16303,-119.67406,05/17/2022,24.53,20.6
34,mz,Carrizo,Carrizo_3,1,high,35.16304,-119.67407,05/17/2022,24.95,20.05
35,mz,Carrizo,Carrizo_3,1,high,35.16312,-119.67412,05/17/2022,23.95,20.58
36,mz,Carrizo,Carrizo_3,1,high,35.16315,-119.67398,05/17/2022,23.43,20.33
37,mz,Carrizo,Carrizo_3,1,high,35.16313,-119.67397,05/17/2022,23.67,20.82
38,mz,Carrizo,Carrizo_3,1,high,35.16315,-119.67391,05/17/2022,23.04,21.87
39,mz,Carrizo,Carrizo_3,1,high,35.16313,-119.67377,05/17/2022,24.18,20.34
40,mz,Carrizo,Carrizo_3,1,high,35.1631,-119.67376,05/17/2022,24.55,20.28
41,mz,Carrizo,Carrizo_3,1,high,35.16309,-119.67374,05/17/2022,25.04,19.49
42,mz,Carrizo,Carrizo_3,2,high,35.16299,-119.67388,05/17/2022,24.66,19.78
43,mz,Carrizo,Carrizo_3,2,high,35.16285,-119.67444,05/17/2022,23.98,20.73
44,mz,Carrizo,Carrizo_3,2,high,35.16288,-119.67448,05/17/2022,24.45,19.96
45,mz,Carrizo,Carrizo_3,2,high,35.16291,-119.67451,05/17/2022,24.8,19.63
46,mz,Carrizo,Carrizo_3,2,high,35.16292,-119.67452,05/17/2022,26.18,18.65
47,mz,Carrizo,Carrizo_3,2,high,35.16293,-119.67468,05/17/2022,26.48,17.98
48,mz,Carrizo,Carrizo_3,2,high,35.1629,-119.67468,05/17/2022,26.28,18.09
49,mz,Carrizo,Carrizo_3,2,high,35.16283,-119.67464,05/17/2022,25.1,18.67
50,mz,Carrizo,Carrizo_3,2,high,35.16283,-119.67462,05/17/2022,24.91,19.32
51,mz,Carrizo,Carrizo_3,2,high,35.16278,-119.67467,05/17/2022,26,18.64
52,mz,Carrizo,Carrizo_3,2,high,35.16271,-119.6747,05/17/2022,25.53,18.42
53,mz,Carrizo,Carrizo_3,2,high,35.16269,-119.67458,05/17/2022,25.91,18.54
54,mz,Carrizo,Carrizo_3,2,high,35.16273,-119.67458,05/17/2022,25.97,18.42
55,mz,Carrizo,Carrizo_3,1,open,35.16221,-119.67395,05/22/2022,25.8,14.43
56,mz,Carrizo,Carrizo_3,1,open,35.16256,-119.67392,05/22/2022,27.8,13.37
57,mz,Carrizo,Carrizo_3,2,open,35.16247,-119.67448,05/22/2022,29.19,13.1
58,mz,Carrizo,Carrizo_3,2,open,35.1627,-119.67415,05/22/2022,26.77,13.72
59,mz,Carrizo,Carrizo_3,1,high,35.16297,-119.67397,05/22/2022,28.42,13.3
60,mz,Carrizo,Carrizo_3,1,high,35.16303,-119.67406,05/22/2022,27.5,13.89
61,mz,Carrizo,Carrizo_3,1,high,35.16304,-119.67407,05/22/2022,28.08,13.86
62,mz,Carrizo,Carrizo_3,1,high,35.16312,-119.67412,05/22/2022,26.5,14.3
63,mz,Carrizo,Carrizo_3,1,high,35.16315,-119.67398,05/22/2022,26.82,14.86
64,mz,Carrizo,Carrizo_3,1,high,35.16313,-119.67397,05/22/2022,27.6,14.28
65,mz,Carrizo,Carrizo_3,1,high,35.16315,-119.67391,05/22/2022,28.18,13.13
66,mz,Carrizo,Carrizo_3,1,high,35.16313,-119.67377,05/22/2022,26.71,14.2
67,mz,Carrizo,Carrizo_3,1,high,35.1631,-119.67376,05/22/2022,27.44,14.46
68,mz,Carrizo,Carrizo_3,1,high,35.16309,-119.67374,05/22/2022,27.75,13.71
69,mz,Carrizo,Carrizo_3,2,high,35.16299,-119.67388,05/22/2022,27.54,13.63
70,mz,Carrizo,Carrizo_3,2,high,35.16285,-119.67444,05/22/2022,25.78,14.53
71,mz,Carrizo,Carrizo_3,2,high,35.16288,-119.67448,05/22/2022,24.69,15.14
72,mz,Carrizo,Carrizo_3,2,high,35.16291,-119.67451,05/22/2022,26.87,14.73
73,mz,Carrizo,Carrizo_3,2,high,35.16292,-119.67452,05/22/2022,27.83,13.85
74,mz,Carrizo,Carrizo_3,2,high,35.16293,-119.67468,05/22/2022,26.9,14.11
75,mz,Carrizo,Carrizo_3,2,high,35.1629,-119.67468,05/22/2022,26.95,13.93
76,mz,Carrizo,Carrizo_3,2,high,35.16283,-119.67464,05/22/2022,25.88,14.74
77,mz,Carrizo,Carrizo_3,2,high,35.16283,-119.67462,05/22/2022,26.3,14.32
78,mz,Carrizo,Carrizo_3,2,high,35.16278,-119.67467,05/22/2022,27.11,13.98
79,mz,Carrizo,Carrizo_3,2,high,35.16271,-119.6747,05/22/2022,27.6,15.38
80,mz,Carrizo,Carrizo_3,2,high,35.16269,-119.67458,05/22/2022,27.55,13.75
81,mz,Carrizo,Carrizo_3,2,high,35.16273,-119.67458,05/22/2022,28.21,13.43
82,mz,Carrizo,Carrizo_3,1,open,35.16221,-119.67395,05/29/2022,21.72,37.46
83,mz,Carrizo,Carrizo_3,1,open,35.16256,-119.67392,05/29/2022,18.58,44.91
84,mz,Carrizo,Carrizo_3,2,open,35.16247,-119.67448,05/29/2022,21.22,38.82
85,mz,Carrizo,Carrizo_3,2,open,35.1627,-119.67415,05/29/2022,19.3,42.33
86,mz,Carrizo,Carrizo_3,1,high,35.16297,-119.67397,05/29/2022,20.05,42.59
87,mz,Carrizo,Carrizo_3,1,high,35.16303,-119.67406,05/29/2022,19.02,44.03
88,mz,Carrizo,Carrizo_3,1,high,35.16304,-119.67407,05/29/2022,18.72,45.29
89,mz,Carrizo,Carrizo_3,1,high,35.16312,-119.67412,05/29/2022,19.44,43.54
90,mz,Carrizo,Carrizo_3,1,high,35.16315,-119.67398,05/29/2022,19.92,43.09
91,mz,Carrizo,Carrizo_3,1,high,35.16313,-119.67397,05/29/2022,20.37,41.8
92,mz,Carrizo,Carrizo_3,1,high,35.16315,-119.67391,05/29/2022,19.73,42.73
93,mz,Carrizo,Carrizo_3,1,high,35.16313,-119.67377,05/29/2022,19.69,43.58
94,mz,Carrizo,Carrizo_3,1,high,35.1631,-119.67376,05/29/2022,20.79,41.74
95,mz,Carrizo,Carrizo_3,1,high,35.16309,-119.67374,05/29/2022,20.83,40.28
96,mz,Carrizo,Carrizo_3,2,high,35.16299,-119.67388,05/29/2022,20.7,40.08
97,mz,Carrizo,Carrizo_3,2,high,35.16285,-119.67444,05/29/2022,21.42,39.7
98,mz,Carrizo,Carrizo_3,2,high,35.16288,-119.67448,05/29/2022,20.13,40.48
99,mz,Carrizo,Carrizo_3,2,high,35.16291,-119.67451,05/29/2022,19.49,42.16
100,mz,Carrizo,Carrizo_3,2,high,35.16292,-119.67452,05/29/2022,20.14,42.64
101,mz,Carrizo,Carrizo_3,2,high,35.16293,-119.67468,05/29/2022,18.99,43.39
102,mz,Carrizo,Carrizo_3,2,high,35.1629,-119.67468,05/29/2022,18.94,44.3
103,mz,Carrizo,Carrizo_3,2,high,35.16283,-119.67464,05/29/2022,18.58,44.58
104,mz,Carrizo,Carrizo_3,2,high,35.16283,-119.67462,05/29/2022,18.49,44.79
105,mz,Carrizo,Carrizo_3,2,high,35.16278,-119.67467,05/29/2022,18.31,44.7
106,mz,Carrizo,Carrizo_3,2,high,35.16271,-119.6747,05/29/2022,19.02,44.4
107,mz,Carrizo,Carrizo_3,2,high,35.16269,-119.67458,05/29/2022,18.5,44.73
108,mz,Carrizo,Carrizo_3,2,high,35.16273,-119.67458,05/29/2022,19.1,44.71
109,mz,Carrizo,Carrizo_3,1,open,35.16221,-119.67395,06/05/2020,26.13,23.35
110,mz,Carrizo,Carrizo_3,1,open,35.16256,-119.67392,06/05/2020,28.33,21.09
111,mz,Carrizo,Carrizo_3,2,open,35.16247,-119.67448,06/05/2020,25.07,24.04
112,mz,Carrizo,Carrizo_3,2,open,35.1627,-119.67415,06/05/2020,25.94,23.42
113,mz,Carrizo,Carrizo_3,1,density,35.16297,-119.67397,06/05/2020,26.52,22.24
114,mz,Carrizo,Carrizo_3,1,density,35.16303,-119.67406,06/05/2020,25.99,22.32
115,mz,Carrizo,Carrizo_3,1,density,35.16304,-119.67407,06/05/2020,25.8,23.25
116,mz,Carrizo,Carrizo_3,1,density,35.16312,-119.67412,06/05/2020,25.05,23.72
117,mz,Carrizo,Carrizo_3,1,density,35.16315,-119.67398,06/05/2020,24.5,24.69
118,mz,Carrizo,Carrizo_3,1,density,35.16313,-119.67397,06/05/2020,24.36,24.48
119,mz,Carrizo,Carrizo_3,1,density,35.16315,-119.67391,06/05/2020,25,24
120,mz,Carrizo,Carrizo_3,1,density,35.16313,-119.67377,06/05/2020,23.66,25.57
121,mz,Carrizo,Carrizo_3,1,density,35.1631,-119.67376,06/05/2020,25.53,23.66
122,mz,Carrizo,Carrizo_3,1,density,35.16309,-119.67374,06/05/2020,23.38,26.14
123,mz,Carrizo,Carrizo_3,2,density,35.16299,-119.67388,06/05/2020,25.51,23.59
124,mz,Carrizo,Carrizo_3,2,density,35.16285,-119.67444,06/05/2020,25.88,25.2
125,mz,Carrizo,Carrizo_3,2,density,35.16288,-119.67448,06/05/2020,25.41,23.21
126,mz,Carrizo,Carrizo_3,2,density,35.16291,-119.67451,06/05/2020,26.09,23.4
127,mz,Carrizo,Carrizo_3,2,density,35.16292,-119.67452,06/05/2020,27.11,22.6
128,mz,Carrizo,Carrizo_3,2,density,35.16293,-119.67468,06/05/2020,27.58,24.91
129,mz,Carrizo,Carrizo_3,2,density,35.1629,-119.67468,06/05/2020,27.36,21.74
130,mz,Carrizo,Carrizo_3,2,density,35.16283,-119.67464,06/05/2020,26.42,22.17
131,mz,Carrizo,Carrizo_3,2,density,35.16283,-119.67462,06/05/2020,25.82,22.5
132,mz,Carrizo,Carrizo_3,2,density,35.16278,-119.67467,06/05/2020,25.64,23.48
133,mz,Carrizo,Carrizo_3,2,density,35.16271,-119.6747,06/05/2020,25.95,23.32
134,mz,Carrizo,Carrizo_3,2,density,35.16269,-119.67458,06/05/2020,28.83,22.05
135,mz,Carrizo,Carrizo_3,2,density,35.16273,-119.67458,06/05/2020,28.82,20.32
136,ng,Carrizo,Carrizo_4,1,shrub,35.11949,-119.62963,05/11/2022,14.3,29.87
137,ng,Carrizo,Carrizo_4,1,square,35.11949,-119.62963,05/11/2022,14.79,25.22
138,ng,Carrizo,Carrizo_4,1,triangle ,35.11949,-119.62963,05/11/2022,15.71,28.87
139,ng,Carrizo,Carrizo_4,2,shrub,35.11929,-119.62958,05/11/2022,16.62,24.94
140,ng,Carrizo,Carrizo_4,2,square,35.11929,-119.62958,05/11/2022,19.04,23.39
141,ng,Carrizo,Carrizo_4,2,triangle ,35.11929,-119.62958,05/11/2022,15.8,25.5
142,ng,Carrizo,Carrizo_4,3,shrub,35.11912,-119.62968,05/11/2022,15.58,26.64
143,ng,Carrizo,Carrizo_4,3,square,35.11912,-119.62968,05/11/2022,16.93,23.88
144,ng,Carrizo,Carrizo_4,3,triangle ,35.11912,-119.62968,05/11/2022,16.32,25.8
145,ng,Carrizo,Carrizo_4,4,shrub,35.11908,-119.62946,05/11/2022,16.72,26.6
146,ng,Carrizo,Carrizo_4,4,square,35.11908,-119.62946,05/11/2022,17.73,25.24
147,ng,Carrizo,Carrizo_4,4,triangle ,35.11908,-119.62946,05/11/2022,17.02,25.91
148,ng,Carrizo,Carrizo_4,5,shrub,35.1191,-11962942,05/11/2022,16.73,24.96
149,ng,Carrizo,Carrizo_4,5,square,35.1191,-11962942,05/11/2022,15.29,26.61
150,ng,Carrizo,Carrizo_4,5,triangle ,35.1191,-11962942,05/11/2022,14.62,27.37
151,ng,Carrizo,Carrizo_4,6,shrub,35.11912,-119.62924,05/11/2022,15.22,27.83
152,ng,Carrizo,Carrizo_4,6,square,35.11912,-119.62924,05/11/2022,16.17,27.83
153,ng,Carrizo,Carrizo_4,6,triangle ,35.11912,-119.62924,05/11/2022,16.47,25.55
154,ng,Carrizo,Carrizo_4,7,shrub,35.11908,-119.62905,05/11/2022,13.93,27.81
155,ng,Carrizo,Carrizo_4,7,square,35.11908,-119.62905,05/11/2022,13.74,28.66
156,ng,Carrizo,Carrizo_4,7,triangle ,35.11908,-119.62905,05/11/2022,14.6,28.4
157,ng,Carrizo,Carrizo_4,8,shrub,35.11881,-119.6291,05/11/2022,15.18,26.98
158,ng,Carrizo,Carrizo_4,8,square,35.11881,-119.6291,05/11/2022,14.63,27.87
159,ng,Carrizo,Carrizo_4,8,triangle ,35.11881,-119.6291,05/11/2022,14.36,28.32
160,ng,Carrizo,Carrizo_4,1,shrub,35.11949,-119.62963,05/16/2022,27.22,17.64
161,mz,Carrizo,Carrizo_4,1,high,35.1196,-119.629,05/11/2022,14.72,29.2
162,ng,Carrizo,Carrizo_4,1,square,35.11949,-119.62963,05/17/2022,27.56,17.04
163,mz,Carrizo,Carrizo_4,1,high,35.11969,-119.62907,05/11/2022,13.6,31.73
164,ng,Carrizo,Carrizo_4,1,triangle ,35.11949,-119.62963,05/17/2022,27.84,17.32
165,mz,Carrizo,Carrizo_4,1,high,35.11969,-119.6289,05/11/2022,14.15,32.28
166,ng,Carrizo,Carrizo_4,2,shrub,35.11929,-119.62958,05/17/2022,26.13,17.72
167,mz,Carrizo,Carrizo_4,1,high,35.11967,-119.62882,05/11/2022,14.21,30.39
168,ng,Carrizo,Carrizo_4,2,square,35.11929,-119.62958,05/17/2022,25.01,18.92
169,mz,Carrizo,Carrizo_4,1,high,35.11967,-119.62877,05/11/2022,14.75,30.11
170,ng,Carrizo,Carrizo_4,2,triangle ,35.11929,-119.62958,05/17/2022,25.7,18.6
171,mz,Carrizo,Carrizo_4,1,high,35.11965,-119.62871,05/11/2022,16.21,28.49
172,ng,Carrizo,Carrizo_4,3,shrub,35.11912,-119.62968,05/17/2022,27.85,16.99
173,mz,Carrizo,Carrizo_4,1,high,35.11956,-119.62884,05/11/2022,14.94,28.84
174,ng,Carrizo,Carrizo_4,3,square,35.11912,-119.62968,05/17/2022,27.81,16.61
175,mz,Carrizo,Carrizo_4,1,high,35.11949,-119.6288,05/11/2022,13.98,29.19
176,ng,Carrizo,Carrizo_4,3,triangle ,35.11912,-119.62968,05/17/2022,27.32,17.12
177,mz,Carrizo,Carrizo_4,1,high,35.11949,-119.6289,05/11/2022,15.09,27.71
178,ng,Carrizo,Carrizo_4,4,shrub,35.11908,-119.62946,05/17/2022,25.2,17.72
179,mz,Carrizo,Carrizo_4,1,high,35.11945,-119.62898,05/11/2022,14.49,30.06
180,ng,Carrizo,Carrizo_4,4,square,35.11908,-119.62946,05/17/2022,26.56,18.23
181,mz,Carrizo,Carrizo_4,1,high,35.11951,-119.62896,05/11/2022,14.27,29.18
182,ng,Carrizo,Carrizo_4,4,triangle ,35.11908,-119.62946,05/17/2022,26.89,17.75
183,mz,Carrizo,Carrizo_4,1,open,35.11982,-119.62901,05/11/2022,12.74,33
184,ng,Carrizo,Carrizo_4,5,shrub,35.1191,-11962942,05/17/2022,25.53,19.13
185,mz,Carrizo,Carrizo_4,1,open,35.12006,-119.62871,05/11/2022,15.7,28.6
186,ng,Carrizo,Carrizo_4,5,square,35.1191,-11962942,05/17/2022,25.77,18.51
187,mz,Carrizo,Carrizo_4,2,open,35.11875,-119.62788,05/11/2022,16.21,22.54
188,ng,Carrizo,Carrizo_4,5,triangle ,35.1191,-11962942,05/17/2022,26.52,18.38
189,mz,Carrizo,Carrizo_4,2,open,35.11895,-119.62751,05/11/2022,16.7,24.68
190,ng,Carrizo,Carrizo_4,6,shrub,35.11912,-119.62924,05/17/2022,28.23,16.12
191,mz,Carrizo,Carrizo_4,2,high,35.11931,-119.62838,05/11/2022,16.74,23.1
192,ng,Carrizo,Carrizo_4,6,square,35.11912,-119.62924,05/17/2022,28.03,16.25
193,mz,Carrizo,Carrizo_4,2,high,35.11953,-119.62814,05/11/2022,13.62,27.36
194,ng,Carrizo,Carrizo_4,6,triangle ,35.11912,-119.62924,05/17/2022,28.25,16.02
195,mz,Carrizo,Carrizo_4,2,high,35.11961,-119.62805,05/11/2022,15.56,28.37
196,ng,Carrizo,Carrizo_4,7,shrub,35.11908,-119.62905,05/17/2022,25.61,17.94
197,mz,Carrizo,Carrizo_4,2,high,35.11949,-119.62812,05/11/2022,13.97,30.1
198,ng,Carrizo,Carrizo_4,7,square,35.11908,-119.62905,05/17/2022,26.43,17.74
199,mz,Carrizo,Carrizo_4,2,high,35.11948,-119.62814,05/11/2022,15.26,27.06
200,ng,Carrizo,Carrizo_4,7,triangle ,35.11908,-119.62905,05/17/2022,27.21,17.13
201,mz,Carrizo,Carrizo_4,2,high,35.11944,-119.62811,05/11/2022,15.27,25.05
202,ng,Carrizo,Carrizo_4,8,shrub,35.11881,-119.6291,05/17/2022,26.35,16.23
203,mz,Carrizo,Carrizo_4,2,high,35.1194,-119.62821,05/11/2022,16.2,23.16
204,ng,Carrizo,Carrizo_4,8,square,35.11881,-119.6291,05/17/2022,26.98,16.44
205,mz,Carrizo,Carrizo_4,2,high,35.11928,-119.62825,05/11/2022,16.49,25.21
206,ng,Carrizo,Carrizo_4,8,triangle ,35.11881,-119.6291,05/17/2022,27.33,16.33
207,mz,Carrizo,Carrizo_4,2,high,35.1193,-119.62836,05/11/2022,14.71,26.88
208,mz,Carrizo,Carrizo_4,2,high,35.1193,-119.62838,05/11/2022,14.75,23.57
209,ng,Carrizo,Carrizo_4,1,shrub,35.11949,-119.62963,05/22/2022,23.58,18.23
210,ng,Carrizo,Carrizo_4,1,square,35.11949,-119.62963,05/22/2022,24.29,17.9
211,ng,Carrizo,Carrizo_4,1,triangle ,35.11949,-119.62963,05/22/2022,24.37,17.66
212,ng,Carrizo,Carrizo_4,2,shrub,35.11929,-119.62958,05/22/2022,24.62,17.1
213,ng,Carrizo,Carrizo_4,2,square,35.11929,-119.62958,05/22/2022,24.75,17.65
214,ng,Carrizo,Carrizo_4,2,triangle ,35.11929,-119.62958,05/22/2022,24.58,17.54
215,ng,Carrizo,Carrizo_4,3,shrub,35.11912,-119.62968,05/22/2022,25.54,16.23
216,ng,Carrizo,Carrizo_4,3,square,35.11912,-119.62968,05/22/2022,26.29,15.69
217,ng,Carrizo,Carrizo_4,3,triangle ,35.11912,-119.62968,05/22/2022,26.16,18.75
218,ng,Carrizo,Carrizo_4,4,shrub,35.11908,-119.62946,05/22/2022,25.79,16.23
219,ng,Carrizo,Carrizo_4,4,square,35.11908,-119.62946,05/22/2022,25.63,16.19
220,ng,Carrizo,Carrizo_4,4,triangle ,35.11908,-119.62946,05/22/2022,25.26,16.46
221,ng,Carrizo,Carrizo_4,5,shrub,35.1191,-11962942,05/22/2022,26.01,16.06
222,ng,Carrizo,Carrizo_4,5,square,35.1191,-11962942,05/22/2022,26.22,15.82
223,ng,Carrizo,Carrizo_4,5,triangle ,35.1191,-11962942,05/22/2022,25.01,16.64
224,ng,Carrizo,Carrizo_4,6,shrub,35.11912,-119.62924,05/22/2022,26.06,16.09
225,ng,Carrizo,Carrizo_4,6,square,35.11912,-119.62924,05/22/2022,26.39,15.15
226,ng,Carrizo,Carrizo_4,6,triangle ,35.11912,-119.62924,05/22/2022,26.39,15.54
227,ng,Carrizo,Carrizo_4,7,shrub,35.11908,-119.62905,05/22/2022,24.88,16.84
228,ng,Carrizo,Carrizo_4,7,square,35.11908,-119.62905,05/22/2022,25.56,16.15
229,ng,Carrizo,Carrizo_4,7,triangle ,35.11908,-119.62905,05/22/2022,26.2,16.3
230,ng,Carrizo,Carrizo_4,8,shrub,35.11881,-119.6291,05/22/2022,26.21,15.58
231,ng,Carrizo,Carrizo_4,8,square,35.11881,-119.6291,05/22/2022,26.29,15.71
232,ng,Carrizo,Carrizo_4,8,triangle ,35.11881,-119.6291,05/22/2022,2.28,16.23
233,ng,Carrizo,Carrizo_4,1,shrub,35.11949,-119.62963,05/29/2022,23.08,35.66
234,ng,Carrizo,Carrizo_4,1,square,35.11949,-119.62963,05/29/2022,22.43,38.45
235,ng,Carrizo,Carrizo_4,1,triangle ,35.11949,-119.62963,05/29/2022,20.49,40.54
236,ng,Carrizo,Carrizo_4,2,shrub,35.11929,-119.62958,05/29/2022,21.58,38.74
237,ng,Carrizo,Carrizo_4,2,square,35.11929,-119.62958,05/29/2022,21.92,38.37
238,ng,Carrizo,Carrizo_4,2,triangle ,35.11929,-119.62958,05/29/2022,22.91,35.25
239,ng,Carrizo,Carrizo_4,3,shrub,35.11912,-119.62968,05/29/2022,21.38,38.45
240,ng,Carrizo,Carrizo_4,3,square,35.11912,-119.62968,05/29/2022,21.65,38.2
241,ng,Carrizo,Carrizo_4,3,triangle ,35.11912,-119.62968,05/29/2022,20.69,39.32
242,ng,Carrizo,Carrizo_4,4,shrub,35.11908,-119.62946,05/29/2022,21.7,38.23
243,ng,Carrizo,Carrizo_4,4,square,35.11908,-119.62946,05/29/2022,22.3,34.72
244,ng,Carrizo,Carrizo_4,4,triangle ,35.11908,-119.62946,05/29/2022,22.38,37.63
245,ng,Carrizo,Carrizo_4,5,shrub,35.1191,-11962942,05/29/2022,21.36,39.37
246,ng,Carrizo,Carrizo_4,5,square,35.1191,-11962942,05/29/2022,23.15,36.76
247,ng,Carrizo,Carrizo_4,5,triangle ,35.1191,-11962942,05/29/2022,22.73,37
248,ng,Carrizo,Carrizo_4,6,shrub,35.11912,-119.62924,05/29/2022,21.52,39.19
249,ng,Carrizo,Carrizo_4,6,square,35.11912,-119.62924,05/29/2022,21.8,36.89
250,ng,Carrizo,Carrizo_4,6,triangle ,35.11912,-119.62924,05/29/2022,21.39,38
251,ng,Carrizo,Carrizo_4,7,shrub,35.11908,-119.62905,05/29/2022,21.27,36.34
252,ng,Carrizo,Carrizo_4,7,square,35.11908,-119.62905,05/29/2022,20.55,37.23
253,ng,Carrizo,Carrizo_4,7,triangle ,35.11908,-119.62905,05/29/2022,20.82,38.09
254,ng,Carrizo,Carrizo_4,8,shrub,35.11881,-119.6291,05/29/2022,21.3,36.48
255,ng,Carrizo,Carrizo_4,8,square,35.11881,-119.6291,05/29/2022,22,37.27
256,ng,Carrizo,Carrizo_4,8,triangle ,35.11881,-119.6291,05/29/2022,21.49,37.45
257,mz,Carrizo,Carrizo_4,1,high,35.1196,-119.629,05/17/2022,28.05,16.99
258,mz,Carrizo,Carrizo_4,1,high,35.11969,-119.62907,05/17/2022,26.26,17.87
259,mz,Carrizo,Carrizo_4,1,high,35.11969,-119.6289,05/17/2022,25.51,18.85
260,mz,Carrizo,Carrizo_4,1,high,35.11967,-119.62882,05/17/2022,25.43,18.89
261,mz,Carrizo,Carrizo_4,1,high,35.11967,-119.62877,05/17/2022,25.02,19.4
262,mz,Carrizo,Carrizo_4,1,high,35.11965,-119.62871,05/17/2022,25.34,19.17
263,mz,Carrizo,Carrizo_4,1,high,35.11956,-119.62884,05/17/2022,25.28,18.96
264,mz,Carrizo,Carrizo_4,1,high,35.11949,-119.6288,05/17/2022,25.64,18.3
265,mz,Carrizo,Carrizo_4,1,high,35.11949,-119.6289,05/17/2022,25.24,19
266,mz,Carrizo,Carrizo_4,1,high,35.11945,-119.62898,05/17/2022,25.86,18.6
267,mz,Carrizo,Carrizo_4,1,high,35.11951,-119.62896,05/17/2022,24.63,19.52
268,mz,Carrizo,Carrizo_4,1,open,35.11982,-119.62901,05/17/2022,25,18.96
269,mz,Carrizo,Carrizo_4,1,open,35.12006,-119.62871,05/17/2022,23.44,21.29
270,mz,Carrizo,Carrizo_4,2,open,35.11875,-119.62788,05/17/2022,25.95,17.92
271,mz,Carrizo,Carrizo_4,2,open,35.11895,-119.62751,05/17/2022,27.13,21.27
272,mz,Carrizo,Carrizo_4,2,high,35.11931,-119.62838,05/17/2022,25.87,17.66
273,mz,Carrizo,Carrizo_4,2,high,35.11953,-119.62814,05/17/2022,25.48,19.34
274,mz,Carrizo,Carrizo_4,2,high,35.11961,-119.62805,05/17/2022,25.12,18.59
275,mz,Carrizo,Carrizo_4,2,high,35.11949,-119.62812,05/17/2022,26.17,18.22
276,mz,Carrizo,Carrizo_4,2,high,35.11948,-119.62814,05/17/2022,26.71,18.06
277,mz,Carrizo,Carrizo_4,2,high,35.11944,-119.62811,05/17/2022,26.6,17.94
278,mz,Carrizo,Carrizo_4,2,high,35.1194,-119.62821,05/17/2022,25.69,18.41
279,mz,Carrizo,Carrizo_4,2,high,35.11928,-119.62825,05/17/2022,25.29,19.39
280,mz,Carrizo,Carrizo_4,2,high,35.1193,-119.62836,05/17/2022,27.12,21.3
281,mz,Carrizo,Carrizo_4,2,high,35.1193,-119.62838,05/17/2022,27.46,17.65
282,mz,Carrizo,Carrizo_4,1,high,35.1196,-119.629,05/22/2022,25.38,15.98
283,mz,Carrizo,Carrizo_4,1,high,35.11969,-119.62907,05/22/2022,25.81,15.88
284,mz,Carrizo,Carrizo_4,1,high,35.11969,-119.6289,05/22/2022,24.94,16.11
285,mz,Carrizo,Carrizo_4,1,high,35.11967,-119.62882,05/22/2022,25.7,15.8
286,mz,Carrizo,Carrizo_4,1,high,35.11967,-119.62877,05/22/2022,26.21,15.5
287,mz,Carrizo,Carrizo_4,1,high,35.11965,-119.62871,05/22/2022,25.94,14.89
288,mz,Carrizo,Carrizo_4,1,high,35.11956,-119.62884,05/22/2022,26.34,14.51
289,mz,Carrizo,Carrizo_4,1,high,35.11949,-119.6288,05/22/2022,26,14.97
290,mz,Carrizo,Carrizo_4,1,high,35.11949,-119.6289,05/22/2022,25.86,14.72
291,mz,Carrizo,Carrizo_4,1,high,35.11945,-119.62898,05/22/2022,25.28,15.28
292,mz,Carrizo,Carrizo_4,1,high,35.11951,-119.62896,05/22/2022,25.34,15.16
293,mz,Carrizo,Carrizo_4,1,open,35.11982,-119.62901,05/22/2022,24.85,15.96
294,mz,Carrizo,Carrizo_4,1,open,35.12006,-119.62871,05/22/2022,25.31,15.9
295,mz,Carrizo,Carrizo_4,2,open,35.11875,-119.62788,05/22/2022,26.23,15.59
296,mz,Carrizo,Carrizo_4,2,open,35.11895,-119.62751,05/22/2022,25.43,15.67
297,mz,Carrizo,Carrizo_4,2,high,35.11931,-119.62838,05/22/2022,26.44,14.8
298,mz,Carrizo,Carrizo_4,2,high,35.11953,-119.62814,05/22/2022,25.24,15.68
299,mz,Carrizo,Carrizo_4,2,high,35.11961,-119.62805,05/22/2022,26.16,15.88
300,mz,Carrizo,Carrizo_4,2,high,35.11949,-119.62812,05/22/2022,27.44,14.17
301,mz,Carrizo,Carrizo_4,2,high,35.11948,-119.62814,05/22/2022,27.6,14.18
302,mz,Carrizo,Carrizo_4,2,high,35.11944,-119.62811,05/22/2022,27.76,14.21
303,mz,Carrizo,Carrizo_4,2,high,35.1194,-119.62821,05/22/2022,27.69,13.87
304,mz,Carrizo,Carrizo_4,2,high,35.11928,-119.62825,05/22/2022,26.87,14.4
305,mz,Carrizo,Carrizo_4,2,high,35.1193,-119.62836,05/22/2022,26.85,14.78
306,mz,Carrizo,Carrizo_4,2,high,35.1193,-119.62838,05/22/2022,26.83,14.73
307,mz,Carrizo,Carrizo_4,1,high,35.1196,-119.629,05/29/2022,24.39,34.67
308,mz,Carrizo,Carrizo_4,1,high,35.11969,-119.62907,05/29/2022,22.01,36.47
309,mz,Carrizo,Carrizo_4,1,high,35.11969,-119.6289,05/29/2022,19.17,43.72
310,mz,Carrizo,Carrizo_4,1,high,35.11967,-119.62882,05/29/2022,18.08,46.3
311,mz,Carrizo,Carrizo_4,1,high,35.11967,-119.62877,05/29/2022,18.39,46.55
312,mz,Carrizo,Carrizo_4,1,high,35.11965,-119.62871,05/29/2022,18.43,47
313,mz,Carrizo,Carrizo_4,1,high,35.11956,-119.62884,05/29/2022,18.58,46.15
314,mz,Carrizo,Carrizo_4,1,high,35.11949,-119.6288,05/29/2022,18.66,45.73
315,mz,Carrizo,Carrizo_4,1,high,35.11949,-119.6289,05/29/2022,18.91,45.93
316,mz,Carrizo,Carrizo_4,1,high,35.11945,-119.62898,05/29/2022,19.54,44.23
317,mz,Carrizo,Carrizo_4,1,high,35.11951,-119.62896,05/29/2022,19.51,43.9
318,mz,Carrizo,Carrizo_4,1,open,35.11982,-119.62901,05/29/2022,20.32,39.97
319,mz,Carrizo,Carrizo_4,1,open,35.12006,-119.62871,05/29/2022,20.13,43.77
320,mz,Carrizo,Carrizo_4,2,open,35.11875,-119.62788,05/29/2022,20.81,41.31
321,mz,Carrizo,Carrizo_4,2,open,35.11895,-119.62751,05/29/2022,22.28,36.98
322,mz,Carrizo,Carrizo_4,2,high,35.11931,-119.62838,05/29/2022,21.49,38.45
323,mz,Carrizo,Carrizo_4,2,high,35.11953,-119.62814,05/29/2022,20.39,42.42
324,mz,Carrizo,Carrizo_4,2,high,35.11961,-119.62805,05/29/2022,20.62,42.42
325,mz,Carrizo,Carrizo_4,2,high,35.11949,-119.62812,05/29/2022,21.71,39.85
326,mz,Carrizo,Carrizo_4,2,high,35.11948,-119.62814,05/29/2022,21.68,39.33
327,mz,Carrizo,Carrizo_4,2,high,35.11944,-119.62811,05/29/2022,22.1,39.1
328,mz,Carrizo,Carrizo_4,2,high,35.1194,-119.62821,05/29/2022,22.56,37.29
329,mz,Carrizo,Carrizo_4,2,high,35.11928,-119.62825,05/29/2022,21.07,39.43
330,mz,Carrizo,Carrizo_4,2,high,35.1193,-119.62836,05/29/2022,20.71,39.94
331,mz,Carrizo,Carrizo_4,2,high,35.1193,-119.62838,05/29/2022,19.96,41.4
332,mz,Carrizo,Carrizo_4,1,density,35.1196,-119.629,06/05/2020,28.33,20.2
333,mz,Carrizo,Carrizo_4,1,density,35.11969,-119.62907,06/05/2020,28.62,21.21
334,mz,Carrizo,Carrizo_4,1,density,35.11969,-119.6289,06/05/2020,28.2,20.39
335,mz,Carrizo,Carrizo_4,1,density,35.11967,-119.62882,06/05/2020,28.4,19.98
336,mz,Carrizo,Carrizo_4,1,density,35.11967,-119.62877,06/05/2020,28.41,20.32
337,mz,Carrizo,Carrizo_4,1,density,35.11965,-119.62871,06/05/2020,28.94,19.63
338,mz,Carrizo,Carrizo_4,1,density,35.11956,-119.62884,06/05/2020,28.6,21.11
339,mz,Carrizo,Carrizo_4,1,density,35.11949,-119.6288,06/05/2020,28.54,19.57
340,mz,Carrizo,Carrizo_4,1,density,35.11949,-119.6289,06/05/2020,30.38,18.74
341,mz,Carrizo,Carrizo_4,1,density,35.11945,-119.62898,06/05/2020,29.54,18.59
342,mz,Carrizo,Carrizo_4,1,density,35.11951,-119.62896,06/05/2020,29.09,19.27
343,mz,Carrizo,Carrizo_4,1,open,35.11982,-119.62901,06/05/2020,25.87,22.67
344,mz,Carrizo,Carrizo_4,1,open,35.12006,-119.62871,06/05/2020,26.38,21.6
345,mz,Carrizo,Carrizo_4,2,open,35.11875,-119.62788,06/05/2020,27.31,21.28
346,mz,Carrizo,Carrizo_4,2,open,35.11895,-119.62751,06/05/2020,31.24,17.34
347,mz,Carrizo,Carrizo_4,2,density,35.11931,-119.62838,06/05/2020,33.23,15.97
348,mz,Carrizo,Carrizo_4,2,density,35.11953,-119.62814,06/05/2020,31.97,16.48
349,mz,Carrizo,Carrizo_4,2,density,35.11961,-119.62805,06/05/2020,30.74,17.37
350,mz,Carrizo,Carrizo_4,2,density,35.11949,-119.62812,06/05/2020,31.08,19.6
351,mz,Carrizo,Carrizo_4,2,density,35.11948,-119.62814,06/05/2020,30.63,18.24
352,mz,Carrizo,Carrizo_4,2,density,35.11944,-119.62811,06/05/2020,30.39,18.65
353,mz,Carrizo,Carrizo_4,2,density,35.1194,-119.62821,06/05/2020,30.16,18.04
354,mz,Carrizo,Carrizo_4,2,density,35.11928,-119.62825,06/05/2020,30.09,19.23
355,mz,Carrizo,Carrizo_4,2,density,35.1193,-119.62836,06/05/2020,29.82,18.33
356,mz,Carrizo,Carrizo_4,2,density,35.1193,-119.62838,06/05/2020,29.94,19.06
357,ng,Carrizo,Carrizo_4,1,shrub,35.11949,-119.62963,05/06/2022,27.78,21.65
358,ng,Carrizo,Carrizo_4,1,square,35.11949,-119.62963,05/06/2022,28.52,20.58
359,ng,Carrizo,Carrizo_4,1,triangle ,35.11949,-119.62963,05/06/2022,28.49,21.4
360,ng,Carrizo,Carrizo_4,2,shrub,35.11929,-119.62958,05/06/2022,28.53,20.95
361,ng,Carrizo,Carrizo_4,2,square,35.11929,-119.62958,05/06/2022,28.5,20.68
362,ng,Carrizo,Carrizo_4,2,triangle ,35.11929,-119.62958,05/06/2022,27.43,20.9
363,ng,Carrizo,Carrizo_4,3,shrub,35.11912,-119.62968,05/06/2022,27.51,21.4
364,ng,Carrizo,Carrizo_4,3,square,35.11912,-119.62968,05/06/2022,27.44,21.73
365,ng,Carrizo,Carrizo_4,3,triangle ,35.11912,-119.62968,05/06/2022,27.59,20.92
366,ng,Carrizo,Carrizo_4,4,shrub,35.11908,-119.62946,05/06/2022,25.79,16.23
367,ng,Carrizo,Carrizo_4,4,square,35.11908,-119.62946,05/06/2022,27.96,22.88
368,ng,Carrizo,Carrizo_4,4,triangle ,35.11908,-119.62946,05/06/2022,28.13,20.92
369,ng,Carrizo,Carrizo_4,5,shrub,35.1191,-11962942,05/06/2022,28.12,20.55
370,ng,Carrizo,Carrizo_4,5,square,35.1191,-11962942,05/06/2022,28.34,21.35
371,ng,Carrizo,Carrizo_4,5,triangle ,35.1191,-11962942,05/06/2022,28.56,20.34
372,ng,Carrizo,Carrizo_4,6,shrub,35.11912,-119.62924,05/06/2022,,
373,ng,Carrizo,Carrizo_4,6,square,35.11912,-119.62924,05/06/2022,28.95,20.43
374,ng,Carrizo,Carrizo_4,6,triangle ,35.11912,-119.62924,05/06/2022,28.7,19.87
375,ng,Carrizo,Carrizo_4,7,shrub,35.11908,-119.62905,05/06/2022,28.03,20.56
376,ng,Carrizo,Carrizo_4,7,square,35.11908,-119.62905,05/06/2022,28.68,19.94
377,ng,Carrizo,Carrizo_4,7,triangle ,35.11908,-119.62905,05/06/2022,29.02,20.15
378,ng,Carrizo,Carrizo_4,8,shrub,35.11881,-119.6291,05/06/2022,28.98,22.12
379,ng,Carrizo,Carrizo_4,8,square,35.11881,-119.6291,05/06/2022,29.51,20.1
380,ng,Carrizo,Carrizo_4,8,triangle ,35.11881,-119.6291,05/06/2022,29.46,20.11
381,ng,Carrizo,Carrizo_Soda Lake,1,open,35.05621,-119.60119,05/11/2022,18.15,19.25
382,ng,Carrizo,Carrizo_Soda Lake,2,open,35.05613,-119.60137,05/11/2022,17.84,18.92
383,ng,Carrizo,Carrizo_Soda Lake,3,open,35.05614,-119.60146,05/11/2022,19.07,18.05
384,ng,Carrizo,Carrizo_Soda Lake,4,open,35.05618,-119.60149,05/11/2022,19.24,18.08
385,ng,Carrizo,Carrizo_Soda Lake,5,open,35.0562,-119.60149,05/11/2022,19.17,18.99
386,ng,Carrizo,Carrizo_Soda Lake,6,open,35.05634,-119.60142,05/11/2022,19.14,18.4
387,ng,Carrizo,Carrizo_Soda Lake,7,open,35.05627,-119.60138,05/11/2022,18.54,18.14
388,ng,Carrizo,Carrizo_Soda Lake,8,open,35.05621,-119.60126,05/11/2022,18.42,18.75
389,ng,Carrizo,Carrizo_Soda Lake,1,square,35.05621,-119.60119,05/11/2022,18.8,18.76
390,ng,Carrizo,Carrizo_Soda Lake,1,triangle ,35.05621,-119.60119,05/11/2022,18.48,18.66
391,ng,Carrizo,Carrizo_Soda Lake,2,square,35.05614,-119.60146,05/11/2022,19.93,17.78
392,ng,Carrizo,Carrizo_Soda Lake,2,triangle ,35.05614,-119.60146,05/11/2022,18.46,18.63
393,ng,Carrizo,Carrizo_Soda Lake,3,square,35.0562,-119.60149,05/11/2022,18.57,18.5
394,ng,Carrizo,Carrizo_Soda Lake,3,triangle ,35.0562,-119.60149,05/11/2022,20.41,16.91
395,ng,Carrizo,Carrizo_Soda Lake,4,square,35.05627,-119.60138,05/11/2022,18.49,18.66
396,ng,Carrizo,Carrizo_Soda Lake,4,triangle ,35.05627,-119.60138,05/11/2022,19.03,18.5
397,ng,Carrizo,Carrizo_Soda Lake,1,open,35.05621,-119.60119,05/16/2022,25.6,18.92
398,ng,Carrizo,Carrizo_Soda Lake,2,open,35.05613,-119.60137,05/16/2022,25.68,19.11
399,ng,Carrizo,Carrizo_Soda Lake,3,open,35.05614,-119.60146,05/16/2022,25.37,21.11
400,ng,Carrizo,Carrizo_Soda Lake,4,open,35.05618,-119.60149,05/16/2022,24.05,21
401,ng,Carrizo,Carrizo_Soda Lake,5,open,35.0562,-119.60149,05/16/2022,25.4,19.52
402,ng,Carrizo,Carrizo_Soda Lake,6,open,35.05634,-119.60142,05/16/2022,25.04,19.59
403,ng,Carrizo,Carrizo_Soda Lake,7,open,35.05627,-119.60138,05/16/2022,24.3,19.84
404,ng,Carrizo,Carrizo_Soda Lake,8,open,35.05621,-119.60126,05/16/2022,25.15,19.51
405,ng,Carrizo,Carrizo_Soda Lake,1,square,35.05621,-119.60119,05/16/2022,25.2,19.34
406,ng,Carrizo,Carrizo_Soda Lake,1,triangle ,35.05621,-119.60119,05/16/2022,25.07,19.17
407,ng,Carrizo,Carrizo_Soda Lake,2,square,35.05614,-119.60146,05/16/2022,24.34,20.82
408,ng,Carrizo,Carrizo_Soda Lake,2,triangle ,35.05614,-119.60146,05/16/2022,24.02,20.77
409,ng,Carrizo,Carrizo_Soda Lake,3,square,35.0562,-119.60149,05/16/2022,25.35,20.14
410,ng,Carrizo,Carrizo_Soda Lake,3,triangle ,35.0562,-119.60149,05/16/2022,25.46,19.51
411,ng,Carrizo,Carrizo_Soda Lake,4,square,35.05627,-119.60138,05/16/2022,25.76,19.48
412,ng,Carrizo,Carrizo_Soda Lake,4,triangle ,35.05627,-119.60138,05/16/2022,24.05,20.53
413,ng,Carrizo,Carrizo_Soda Lake,1,open,35.05621,-119.60119,05/21/2022,26,14.11
414,ng,Carrizo,Carrizo_Soda Lake,2,open,35.05613,-119.60137,05/21/2022,27.13,13.53
415,ng,Carrizo,Carrizo_Soda Lake,3,open,35.05614,-119.60146,05/21/2022,27.76,13.52
416,ng,Carrizo,Carrizo_Soda Lake,4,open,35.05618,-119.60149,05/21/2022,27.69,13
417,ng,Carrizo,Carrizo_Soda Lake,5,open,35.0562,-119.60149,05/21/2022,26.69,13.52
418,ng,Carrizo,Carrizo_Soda Lake,6,open,35.05634,-119.60142,05/21/2022,26.72,13.67
419,ng,Carrizo,Carrizo_Soda Lake,7,open,35.05627,-119.60138,05/21/2022,26.51,13.74
420,ng,Carrizo,Carrizo_Soda Lake,8,open,35.05621,-119.60126,05/21/2022,27.6,13.42
421,ng,Carrizo,Carrizo_Soda Lake,1,square,35.05621,-119.60119,05/21/2022,26.55,14.26
422,ng,Carrizo,Carrizo_Soda Lake,1,triangle ,35.05621,-119.60119,05/21/2022,27.21,13.59
423,ng,Carrizo,Carrizo_Soda Lake,2,square,35.05614,-119.60146,05/21/2022,18.36,12.81
424,ng,Carrizo,Carrizo_Soda Lake,2,triangle ,35.05614,-119.60146,05/21/2022,27.58,13.26
425,ng,Carrizo,Carrizo_Soda Lake,3,square,35.0562,-119.60149,05/21/2022,26.82,13.8
426,ng,Carrizo,Carrizo_Soda Lake,3,triangle ,35.0562,-119.60149,05/21/2022,26.95,13.65
427,ng,Carrizo,Carrizo_Soda Lake,4,square,35.05627,-119.60138,05/21/2022,27.1,13.8
428,ng,Carrizo,Carrizo_Soda Lake,4,triangle ,35.05627,-119.60138,05/21/2022,28.46,13.15
429,ng,Carrizo,Carrizo_Soda Lake,1,open,35.05621,-119.60119,05/28/2022,22.2,37.44
430,ng,Carrizo,Carrizo_Soda Lake,2,open,35.05613,-119.60137,05/28/2022,21.71,37.17
431,ng,Carrizo,Carrizo_Soda Lake,3,open,35.05614,-119.60146,05/28/2022,23.08,35.21
432,ng,Carrizo,Carrizo_Soda Lake,4,open,35.05618,-119.60149,05/28/2022,22.26,25.37
433,ng,Carrizo,Carrizo_Soda Lake,5,open,35.0562,-119.60149,05/28/2022,21.9,36.01
434,ng,Carrizo,Carrizo_Soda Lake,6,open,35.05634,-119.60142,05/28/2022,22.16,35.01
435,ng,Carrizo,Carrizo_Soda Lake,7,open,35.05627,-119.60138,05/28/2022,23.22,34.39
436,ng,Carrizo,Carrizo_Soda Lake,8,open,35.05621,-119.60126,05/28/2022,22.67,35.12
437,ng,Carrizo,Carrizo_Soda Lake,1,square,35.05621,-119.60119,05/28/2022,21.9,37.7
438,ng,Carrizo,Carrizo_Soda Lake,1,triangle ,35.05621,-119.60119,05/28/2022,23.1,39.68
439,ng,Carrizo,Carrizo_Soda Lake,2,square,35.05614,-119.60146,05/28/2022,22.34,36.6
440,ng,Carrizo,Carrizo_Soda Lake,2,triangle ,35.05614,-119.60146,05/28/2022,23.39,35.29
441,ng,Carrizo,Carrizo_Soda Lake,3,square,35.0562,-119.60149,05/28/2022,21.32,37.68
442,ng,Carrizo,Carrizo_Soda Lake,3,triangle ,35.0562,-119.60149,05/28/2022,22.04,37.01
443,ng,Carrizo,Carrizo_Soda Lake,4,square,35.05627,-119.60138,05/28/2022,22.67,35.12
444,ng,Carrizo,Carrizo_Soda Lake,4,triangle ,35.05627,-119.60138,05/28/2022,25,32.3
445,ng,Carrizo,Carrizo_Soda Lake,1,open,35.05621,-119.60119,06/06/2022,21.12,60.28
446,ng,Carrizo,Carrizo_Soda Lake,2,open,35.05613,-119.60137,06/06/2022,21.9,57.76
447,ng,Carrizo,Carrizo_Soda Lake,3,open,35.05614,-119.60146,06/06/2022,21.91,57.82
448,ng,Carrizo,Carrizo_Soda Lake,4,open,35.05618,-119.60149,06/06/2022,22.73,55.84
449,ng,Carrizo,Carrizo_Soda Lake,5,open,35.0562,-119.60149,06/06/2022,22.75,55.14
450,ng,Carrizo,Carrizo_Soda Lake,6,open,35.05634,-119.60142,06/06/2022,23,54.06
451,ng,Carrizo,Carrizo_Soda Lake,7,open,35.05627,-119.60138,06/06/2022,22.69,53.96
452,ng,Carrizo,Carrizo_Soda Lake,8,open,35.05621,-119.60126,06/06/2022,22.26,55.81
453,ng,Carrizo,Carrizo_Soda Lake,1,square,35.05621,-119.60119,06/06/2022,21.54,59.17
454,ng,Carrizo,Carrizo_Soda Lake,1,triangle ,35.05621,-119.60119,06/06/2022,22.85,56.85
455,ng,Carrizo,Carrizo_Soda Lake,2,square,35.05614,-119.60146,06/06/2022,,
456,ng,Carrizo,Carrizo_Soda Lake,2,triangle ,35.05614,-119.60146,06/06/2022,22.32,57.79
457,ng,Carrizo,Carrizo_Soda Lake,3,square,35.0562,-119.60149,06/06/2022,23.41,53.61
458,ng,Carrizo,Carrizo_Soda Lake,3,triangle ,35.0562,-119.60149,06/06/2022,,
459,ng,Carrizo,Carrizo_Soda Lake,4,square,35.05627,-119.60138,06/06/2022,22.8,54.91
460,ng,Carrizo,Carrizo_Soda Lake,4,triangle ,35.05627,-119.60138,06/06/2022,22.14,55.61
461,mz,Cuyama,Cuyama_1,1,high,34.84867,-119.48421,05/10/2022,14.86,30.78
462,mz,Cuyama,Cuyama_1,1,high,34.84874,-119.48428,05/10/2022,15.19,30.86
463,mz,Cuyama,Cuyama_1,1,high,34.84882,-119.48426,05/10/2022,14.62,32.71
464,mz,Cuyama,Cuyama_1,1,high,34.84892,-119.48418,05/10/2022,13.18,32.63
465,mz,Cuyama,Cuyama_1,1,high,34.84894,-119.4841,05/10/2022,13.35,32.18
466,mz,Cuyama,Cuyama_1,1,high,34.84896,-119.48405,05/10/2022,13.5,32.52
467,mz,Cuyama,Cuyama_1,1,high,34.84892,-119.48399,05/10/2022,16.04,28.19
468,mz,Cuyama,Cuyama_1,1,high,34.84889,-119.48411,05/10/2022,14.53,30.9
469,mz,Cuyama,Cuyama_1,1,high,34.84882,-119.48412,05/10/2022,15.89,29.26
470,mz,Cuyama,Cuyama_1,1,high,34.84882,-119.48399,05/10/2022,15.87,28.48
471,mz,Cuyama,Cuyama_1,1,high,34.84875,-119.48398,05/10/2022,16.98,27.98
472,mz,Cuyama,Cuyama_1,1,high,34.84874,-119.48393,05/10/2022,16.14,28.03
473,mz,Cuyama,Cuyama_1,1,high,34.84865,-119.48393,05/10/2022,13.57,31.28
474,mz,Cuyama,Cuyama_1,1,high,34.84877,-119.48405,05/10/2022,14.33,29.75
475,mz,Cuyama,Cuyama_1,2,high,34.84901,-119.48436,05/10/2022,19.09,23.3
476,mz,Cuyama,Cuyama_1,2,high,34.84911,-119.48445,05/10/2022,19.5,23.3
477,mz,Cuyama,Cuyama_1,2,high,34.84915,-119.48448,05/10/2022,18.55,24.48
478,mz,Cuyama,Cuyama_1,2,high,34.84922,-119.48441,05/10/2022,19.22,23.57
479,mz,Cuyama,Cuyama_1,2,high,34.84922,-119.48439,05/10/2022,19.72,24.18
480,mz,Cuyama,Cuyama_1,2,high,34.84929,-119.48425,05/10/2022,19.03,24.14
481,mz,Cuyama,Cuyama_1,2,high,34.84934,-119.4842,05/10/2022,19.68,24.57
482,mz,Cuyama,Cuyama_1,2,high,34.84928,-119.48416,05/10/2022,19.86,23.45
483,mz,Cuyama,Cuyama_1,2,high,34.84921,-119.48411,05/10/2022,19.72,23.5
484,mz,Cuyama,Cuyama_1,2,high,34.84917,-119.48407,05/10/2022,18.13,24.61
485,mz,Cuyama,Cuyama_1,2,high,34.84916,-119.4842,05/10/2022,17.34,25.36
486,mz,Cuyama,Cuyama_1,2,high,34.84911,-119.48419,05/10/2022,17.43,24.98
487,mz,Cuyama,Cuyama_1,2,high,34.84904,-119.48426,05/10/2022,16.04,28.64
488,mz,Cuyama,Cuyama_1,1,open,34.84835,-119.4838,05/10/2022,19.4,22.74
489,mz,Cuyama,Cuyama_1,1,open,34.84803,-119.48404,05/10/2022,20.26,22.74
490,mz,Cuyama,Cuyama_1,2,open,34.84837,-119.48441,05/10/2022,19.19,22.6
491,mz,Cuyama,Cuyama_1,2,open,34.84867,-119.48428,05/10/2022,19.34,24.33
492,mz,Cuyama,Cuyama_1,1,high,34.84867,-119.48421,05/16/2022,26.82,18.21
493,mz,Cuyama,Cuyama_1,1,high,34.84874,-119.48428,05/16/2022,26.13,19.26
494,mz,Cuyama,Cuyama_1,1,high,34.84882,-119.48426,05/16/2022,26.3,19.57
495,mz,Cuyama,Cuyama_1,1,high,34.84892,-119.48418,05/16/2022,25.71,20.25
496,mz,Cuyama,Cuyama_1,1,high,34.84894,-119.4841,05/16/2022,25.37,20.21
497,mz,Cuyama,Cuyama_1,1,high,34.84896,-119.48405,05/16/2022,25.37,19.51
498,mz,Cuyama,Cuyama_1,1,high,34.84892,-119.48399,05/16/2022,26.58,18.84
499,mz,Cuyama,Cuyama_1,1,high,34.84889,-119.48411,05/16/2022,26.77,18.4
500,mz,Cuyama,Cuyama_1,1,high,34.84882,-119.48412,05/16/2022,26.69,17.61
501,mz,Cuyama,Cuyama_1,1,high,34.84882,-119.48399,05/16/2022,28.64,18.36
502,mz,Cuyama,Cuyama_1,1,high,34.84875,-119.48398,05/16/2022,27.5,17.61
503,mz,Cuyama,Cuyama_1,1,high,34.84874,-119.48393,05/16/2022,26.21,17.07
504,mz,Cuyama,Cuyama_1,1,high,34.84865,-119.48393,05/16/2022,26.38,17.03
505,mz,Cuyama,Cuyama_1,1,high,34.84877,-119.48405,05/16/2022,25.63,18.45
506,mz,Cuyama,Cuyama_1,2,high,34.84901,-119.48436,05/16/2022,27.6,18.73
507,mz,Cuyama,Cuyama_1,2,high,34.84911,-119.48445,05/16/2022,26.74,18.97
508,mz,Cuyama,Cuyama_1,2,high,34.84915,-119.48448,05/16/2022,25.91,19.74
509,mz,Cuyama,Cuyama_1,2,high,34.84922,-119.48441,05/16/2022,26.87,19.18
510,mz,Cuyama,Cuyama_1,2,high,34.84922,-119.48439,05/16/2022,26.7,18.69
511,mz,Cuyama,Cuyama_1,2,high,34.84929,-119.48425,05/16/2022,26.94,18.56
512,mz,Cuyama,Cuyama_1,2,high,34.84934,-119.4842,05/16/2022,26.35,19.16
513,mz,Cuyama,Cuyama_1,2,high,34.84928,-119.48416,05/16/2022,27.14,18.62
514,mz,Cuyama,Cuyama_1,2,high,34.84921,-119.48411,05/16/2022,27.17,18.54
515,mz,Cuyama,Cuyama_1,2,high,34.84917,-119.48407,05/16/2022,25.46,18.12
516,mz,Cuyama,Cuyama_1,2,high,34.84916,-119.4842,05/16/2022,25.88,18.45
517,mz,Cuyama,Cuyama_1,2,high,34.84911,-119.48419,05/16/2022,26.83,18.37
518,mz,Cuyama,Cuyama_1,2,high,34.84904,-119.48426,05/16/2022,26.61,18.14
519,mz,Cuyama,Cuyama_1,1,open,34.84835,-119.4838,05/16/2022,24.63,21
520,mz,Cuyama,Cuyama_1,1,open,34.84803,-119.48404,05/16/2022,26.01,18.98
521,mz,Cuyama,Cuyama_1,2,open,34.84837,-119.48441,05/16/2022,25.59,19.49
522,mz,Cuyama,Cuyama_1,2,open,34.84867,-119.48428,05/16/2022,24.86,19.58
523,mz,Cuyama,Cuyama_1,1,high,34.84867,-119.48421,05/21/2022,25.07,16.11
524,mz,Cuyama,Cuyama_1,1,high,34.84874,-119.48428,05/21/2022,25.39,15.89
525,mz,Cuyama,Cuyama_1,1,high,34.84882,-119.48426,05/21/2022,25.05,16.3
526,mz,Cuyama,Cuyama_1,1,high,34.84892,-119.48418,05/21/2022,25.51,15.88
527,mz,Cuyama,Cuyama_1,1,high,34.84894,-119.4841,05/21/2022,25.1,15.77
528,mz,Cuyama,Cuyama_1,1,high,34.84896,-119.48405,05/21/2022,24.26,16.45
529,mz,Cuyama,Cuyama_1,1,high,34.84892,-119.48399,05/21/2022,24.68,16.17
530,mz,Cuyama,Cuyama_1,1,high,34.84889,-119.48411,05/21/2022,24.84,15.95
531,mz,Cuyama,Cuyama_1,1,high,34.84882,-119.48412,05/21/2022,25.36,15.97
532,mz,Cuyama,Cuyama_1,1,high,34.84882,-119.48399,05/21/2022,24.88,15.98
533,mz,Cuyama,Cuyama_1,1,high,34.84875,-119.48398,05/21/2022,25.1,16.42
534,mz,Cuyama,Cuyama_1,1,high,34.84874,-119.48393,05/21/2022,25.28,15.59
535,mz,Cuyama,Cuyama_1,1,high,34.84865,-119.48393,05/21/2022,25.24,15.84
536,mz,Cuyama,Cuyama_1,1,high,34.84877,-119.48405,05/21/2022,25.52,15.74
537,mz,Cuyama,Cuyama_1,2,high,34.84901,-119.48436,05/21/2022,24.81,16.1
538,mz,Cuyama,Cuyama_1,2,high,34.84911,-119.48445,05/21/2022,23.98,16.76
539,mz,Cuyama,Cuyama_1,2,high,34.84915,-119.48448,05/21/2022,23.84,16.6
540,mz,Cuyama,Cuyama_1,2,high,34.84922,-119.48441,05/21/2022,24.25,16.53
541,mz,Cuyama,Cuyama_1,2,high,34.84922,-119.48439,05/21/2022,25.42,15.98
542,mz,Cuyama,Cuyama_1,2,high,34.84929,-119.48425,05/21/2022,24.87,15.63
543,mz,Cuyama,Cuyama_1,2,high,34.84934,-119.4842,05/21/2022,25.48,15.46
544,mz,Cuyama,Cuyama_1,2,high,34.84928,-119.48416,05/21/2022,25,16.15
545,mz,Cuyama,Cuyama_1,2,high,34.84921,-119.48411,05/21/2022,25.69,15.61
546,mz,Cuyama,Cuyama_1,2,high,34.84917,-119.48407,05/21/2022,26.28,15.45
547,mz,Cuyama,Cuyama_1,2,high,34.84916,-119.4842,05/21/2022,24.85,16.33
548,mz,Cuyama,Cuyama_1,2,high,34.84911,-119.48419,05/21/2022,25.92,15.86
549,mz,Cuyama,Cuyama_1,2,high,34.84904,-119.48426,05/21/2022,24.91,16.02
550,mz,Cuyama,Cuyama_1,1,open,34.84835,-119.4838,05/21/2022,24.34,16.21
551,mz,Cuyama,Cuyama_1,1,open,34.84803,-119.48404,05/21/2022,27,14.03
552,mz,Cuyama,Cuyama_1,2,open,34.84837,-119.48441,05/21/2022,23,17.49
553,mz,Cuyama,Cuyama_1,2,open,34.84867,-119.48428,05/21/2022,24.7,15.53
554,mz,Cuyama,Cuyama_1,1,high,34.84867,-119.48421,05/28/2022,25.36,30.53
555,mz,Cuyama,Cuyama_1,1,high,34.84874,-119.48428,05/28/2022,25.52,31.19
556,mz,Cuyama,Cuyama_1,1,high,34.84882,-119.48426,05/28/2022,25.67,30.46
557,mz,Cuyama,Cuyama_1,1,high,34.84892,-119.48418,05/28/2022,24.86,30.77
558,mz,Cuyama,Cuyama_1,1,high,34.84894,-119.4841,05/28/2022,24.39,32.06
559,mz,Cuyama,Cuyama_1,1,high,34.84896,-119.48405,05/28/2022,24.79,32.2
560,mz,Cuyama,Cuyama_1,1,high,34.84892,-119.48399,05/28/2022,25.31,30.55
561,mz,Cuyama,Cuyama_1,1,high,34.84889,-119.48411,05/28/2022,25.2,30.61
562,mz,Cuyama,Cuyama_1,1,high,34.84882,-119.48412,05/28/2022,25.38,30.14
563,mz,Cuyama,Cuyama_1,1,high,34.84882,-119.48399,05/28/2022,25.42,30.79
564,mz,Cuyama,Cuyama_1,1,high,34.84875,-119.48398,05/28/2022,25.77,29.96
565,mz,Cuyama,Cuyama_1,1,high,34.84874,-119.48393,05/28/2022,25.37,30.14
566,mz,Cuyama,Cuyama_1,1,high,34.84865,-119.48393,05/28/2022,25.21,31.01
567,mz,Cuyama,Cuyama_1,1,high,34.84877,-119.48405,05/28/2022,25.67,30.26
568,mz,Cuyama,Cuyama_1,2,high,34.84901,-119.48436,05/28/2022,25.01,30.13
569,mz,Cuyama,Cuyama_1,2,high,34.84911,-119.48445,05/28/2022,24.53,31.5
570,mz,Cuyama,Cuyama_1,2,high,34.84915,-119.48448,05/28/2022,24.95,30.88
571,mz,Cuyama,Cuyama_1,2,high,34.84922,-119.48441,05/28/2022,25.65,29.63
572,mz,Cuyama,Cuyama_1,2,high,34.84922,-119.48439,05/28/2022,25.7,29.68
573,mz,Cuyama,Cuyama_1,2,high,34.84929,-119.48425,05/28/2022,26.52,28.54
574,mz,Cuyama,Cuyama_1,2,high,34.84934,-119.4842,05/28/2022,26.59,28.19
575,mz,Cuyama,Cuyama_1,2,high,34.84928,-119.48416,05/28/2022,25.43,28.86
576,mz,Cuyama,Cuyama_1,2,high,34.84921,-119.48411,05/28/2022,26.01,28.34
577,mz,Cuyama,Cuyama_1,2,high,34.84917,-119.48407,05/28/2022,24.89,28.32
578,mz,Cuyama,Cuyama_1,2,high,34.84916,-119.4842,05/28/2022,25.15,28.51
579,mz,Cuyama,Cuyama_1,2,high,34.84911,-119.48419,05/28/2022,25.25,28.41
580,mz,Cuyama,Cuyama_1,2,high,34.84904,-119.48426,05/28/2022,25.72,28.06
581,mz,Cuyama,Cuyama_1,1,open,34.84835,-119.4838,05/28/2022,24.18,32.58
582,mz,Cuyama,Cuyama_1,1,open,34.84803,-119.48404,05/28/2022,23.93,32.99
583,mz,Cuyama,Cuyama_1,2,open,34.84837,-119.48441,05/28/2022,25.29,30.15
584,mz,Cuyama,Cuyama_1,2,open,34.84867,-119.48428,05/28/2022,23.9,32.96
585,mz,Cuyama,Cuyama_1,1,high,34.84867,-119.48421,06/06/2022,21.73,55.07
586,mz,Cuyama,Cuyama_1,1,high,34.84874,-119.48428,06/06/2022,21.22,57.12
587,mz,Cuyama,Cuyama_1,1,high,34.84882,-119.48426,06/06/2022,22.03,56
588,mz,Cuyama,Cuyama_1,1,high,34.84892,-119.48418,06/06/2022,21.83,55.35
589,mz,Cuyama,Cuyama_1,1,high,34.84894,-119.4841,06/06/2022,21.64,56.13
590,mz,Cuyama,Cuyama_1,1,high,34.84896,-119.48405,06/06/2022,21.85,56.34
591,mz,Cuyama,Cuyama_1,1,high,34.84892,-119.48399,06/06/2022,22.58,54.45
592,mz,Cuyama,Cuyama_1,1,high,34.84889,-119.48411,06/06/2022,24,50.97
593,mz,Cuyama,Cuyama_1,1,high,34.84882,-119.48412,06/06/2022,23.34,51.96
594,mz,Cuyama,Cuyama_1,1,high,34.84882,-119.48399,06/06/2022,23.06,52.46
595,mz,Cuyama,Cuyama_1,1,high,34.84875,-119.48398,06/06/2022,23.06,52.61
596,mz,Cuyama,Cuyama_1,1,high,34.84874,-119.48393,06/06/2022,22.94,51.76
597,mz,Cuyama,Cuyama_1,1,high,34.84865,-119.48393,06/06/2022,23.59,52.55
598,mz,Cuyama,Cuyama_1,1,high,34.84877,-119.48405,06/06/2022,23.25,52
599,mz,Cuyama,Cuyama_1,2,high,34.84901,-119.48436,06/06/2022,21.97,55.08
600,mz,Cuyama,Cuyama_1,2,high,34.84911,-119.48445,06/06/2022,23.1,53.92
601,mz,Cuyama,Cuyama_1,2,high,34.84915,-119.48448,06/06/2022,21.51,51.53
602,mz,Cuyama,Cuyama_1,2,high,34.84922,-119.48441,06/06/2022,23.87,51.54
603,mz,Cuyama,Cuyama_1,2,high,34.84922,-119.48439,06/06/2022,24.27,49.93
604,mz,Cuyama,Cuyama_1,2,high,34.84929,-119.48425,06/06/2022,24.77,48.68
605,mz,Cuyama,Cuyama_1,2,high,34.84934,-119.4842,06/06/2022,25.01,48.13
606,mz,Cuyama,Cuyama_1,2,high,34.84928,-119.48416,06/06/2022,23.18,50
607,mz,Cuyama,Cuyama_1,2,high,34.84921,-119.48411,06/06/2022,22.65,52.55
608,mz,Cuyama,Cuyama_1,2,high,34.84917,-119.48407,06/06/2022,23.16,52.33
609,mz,Cuyama,Cuyama_1,2,high,34.84916,-119.4842,06/06/2022,23.81,51.07
610,mz,Cuyama,Cuyama_1,2,high,34.84911,-119.48419,06/06/2022,24.31,49.63
611,mz,Cuyama,Cuyama_1,2,high,34.84904,-119.48426,06/06/2022,24.21,49.81
612,mz,Cuyama,Cuyama_1,1,open,34.84835,-119.4838,06/06/2022,20.7,59.16
613,mz,Cuyama,Cuyama_1,1,open,34.84803,-119.48404,06/06/2022,21.27,57.74
614,mz,Cuyama,Cuyama_1,2,open,34.84837,-119.48441,06/06/2022,21.95,53.37
615,mz,Cuyama,Cuyama_1,2,open,34.84867,-119.48428,06/06/2022,21.88,55.04
616,mz,Cuyama,Cuyama_2,1,high,34.85431,-119.48598,05/10/2022,14.22,31.72
617,mz,Cuyama,Cuyama_2,1,high,34.85429,-119.48615,05/10/2022,14.53,29.82
618,mz,Cuyama,Cuyama_2,1,high,34.85437,-119.48611,05/10/2022,16.16,26.97
619,mz,Cuyama,Cuyama_2,1,high,34.85441,-119.48611,05/10/2022,16.9,26.24
620,mz,Cuyama,Cuyama_2,1,high,34.85447,-119.48622,05/10/2022,14.64,30.33
621,mz,Cuyama,Cuyama_2,1,high,34.85453,-119.48618,05/10/2022,15.91,28.9
622,mz,Cuyama,Cuyama_2,1,high,34.85458,-119.48613,05/10/2022,16.81,26.31
623,mz,Cuyama,Cuyama_2,1,high,34.85465,-119.48612,05/10/2022,13.91,30.73
624,mz,Cuyama,Cuyama_2,1,high,34.85471,-119.48601,05/10/2022,15.21,29.11
625,mz,Cuyama,Cuyama_2,1,high,34.8546,-119.48595,05/10/2022,16.38,27.53
626,mz,Cuyama,Cuyama_2,1,high,34.85452,-119.48598,05/10/2022,17.54,25.66
627,mz,Cuyama,Cuyama_2,2,high,34.85379,-119.48594,05/10/2022,17.72,24.63
628,mz,Cuyama,Cuyama_2,2,high,34.85368,-119.48573,05/10/2022,16.31,27.35
629,mz,Cuyama,Cuyama_2,2,high,34.85348,-119.48561,05/10/2022,15.52,28.01
630,mz,Cuyama,Cuyama_2,2,high,34.85355,-119.48567,05/10/2022,17.7,21.71
631,mz,Cuyama,Cuyama_2,2,high,34.8535,-119.48595,05/10/2022,14.05,30.08
632,mz,Cuyama,Cuyama_2,2,high,34.85362,-119.48598,05/10/2022,15.23,30.55
633,mz,Cuyama,Cuyama_2,2,high,34.85356,-119.48605,05/10/2022,15.92,29.15
634,mz,Cuyama,Cuyama_2,2,high,34.85366,-119.48608,05/10/2022,15.03,29.36
635,mz,Cuyama,Cuyama_2,2,high,34.85369,-119.48623,05/10/2022,15.75,29.12
636,mz,Cuyama,Cuyama_2,2,high,34.85381,-119.48626,05/10/2022,14.38,31.44
637,mz,Cuyama,Cuyama_2,2,high,34.85393,-119.48602,05/10/2022,13.45,32.29
638,mz,Cuyama,Cuyama_2,1,open,34.85474,-119.48492,05/10/2022,15.59,28.23
639,mz,Cuyama,Cuyama_2,1,open,34.85503,-119.48515,05/10/2022,15.48,28.43
640,mz,Cuyama,Cuyama_2,2,open,34.8542,-119.48468,05/10/2022,16.69,27.73
641,mz,Cuyama,Cuyama_2,2,open,34.85459,-119.48492,05/10/2022,16.49,28.01
642,mz,Cuyama,Cuyama_2,1,high,34.85431,-119.48598,05/16/2022,27.11,17.25
643,mz,Cuyama,Cuyama_2,1,high,34.85429,-119.48615,05/16/2022,26.86,17.66
644,mz,Cuyama,Cuyama_2,1,high,34.85437,-119.48611,05/16/2022,26.84,17.01
645,mz,Cuyama,Cuyama_2,1,high,34.85441,-119.48611,05/16/2022,26.3,17.47
646,mz,Cuyama,Cuyama_2,1,high,34.85447,-119.48622,05/16/2022,26.86,17.98
647,mz,Cuyama,Cuyama_2,1,high,34.85453,-119.48618,05/16/2022,27.44,17.15
648,mz,Cuyama,Cuyama_2,1,high,34.85458,-119.48613,05/16/2022,28.1,16.48
649,mz,Cuyama,Cuyama_2,1,high,34.85465,-119.48612,05/16/2022,28.19,16.3
650,mz,Cuyama,Cuyama_2,1,high,34.85471,-119.48601,05/16/2022,27.1,16.87
651,mz,Cuyama,Cuyama_2,1,high,34.8546,-119.48595,05/16/2022,27.07,17.03
652,mz,Cuyama,Cuyama_2,1,high,34.85452,-119.48598,05/16/2022,27.99,16.92
653,mz,Cuyama,Cuyama_2,2,high,34.85379,-119.48594,05/16/2022,26,18.32
654,mz,Cuyama,Cuyama_2,2,high,34.85368,-119.48573,05/16/2022,26.74,18.41
655,mz,Cuyama,Cuyama_2,2,high,34.85348,-119.48561,05/16/2022,27.11,18.17
656,mz,Cuyama,Cuyama_2,2,high,34.85355,-119.48567,05/16/2022,27.99,17.07
657,mz,Cuyama,Cuyama_2,2,high,34.8535,-119.48595,05/16/2022,27.28,16.93
658,mz,Cuyama,Cuyama_2,2,high,34.85362,-119.48598,05/16/2022,27.13,17.4
659,mz,Cuyama,Cuyama_2,2,high,34.85356,-119.48605,05/16/2022,27.53,17.05
660,mz,Cuyama,Cuyama_2,2,high,34.85366,-119.48608,05/16/2022,26.79,17.65
661,mz,Cuyama,Cuyama_2,2,high,34.85369,-119.48623,05/16/2022,26.96,16.9
662,mz,Cuyama,Cuyama_2,2,high,34.85381,-119.48626,05/16/2022,25.79,17.73
663,mz,Cuyama,Cuyama_2,2,high,34.85393,-119.48602,05/16/2022,27.85,16.23
664,mz,Cuyama,Cuyama_2,1,open,34.85474,-119.48492,05/16/2022,25.03,18.86
665,mz,Cuyama,Cuyama_2,1,open,34.85503,-119.48515,05/16/2022,28.65,15.9
666,mz,Cuyama,Cuyama_2,2,open,34.8542,-119.48468,05/16/2022,25.92,19.09
667,mz,Cuyama,Cuyama_2,2,open,34.85459,-119.48492,05/16/2022,24.75,20.05
668,mz,Cuyama,Cuyama_2,1,high,34.85431,-119.48598,05/21/2022,25.68,15.57
669,mz,Cuyama,Cuyama_2,1,high,34.85429,-119.48615,05/21/2022,25.78,15.72
670,mz,Cuyama,Cuyama_2,1,high,34.85437,-119.48611,05/21/2022,25.52,16.11
671,mz,Cuyama,Cuyama_2,1,high,34.85441,-119.48611,05/21/2022,25.37,15.71
672,mz,Cuyama,Cuyama_2,1,high,34.85447,-119.48622,05/21/2022,25.53,16.15
673,mz,Cuyama,Cuyama_2,1,high,34.85453,-119.48618,05/21/2022,25.36,15.74
674,mz,Cuyama,Cuyama_2,1,high,34.85458,-119.48613,05/21/2022,25.03,15.88
675,mz,Cuyama,Cuyama_2,1,high,34.85465,-119.48612,05/21/2022,25.28,15.87
676,mz,Cuyama,Cuyama_2,1,high,34.85471,-119.48601,05/21/2022,26.21,15.14
677,mz,Cuyama,Cuyama_2,1,high,34.8546,-119.48595,05/21/2022,25.85,15.85
678,mz,Cuyama,Cuyama_2,1,high,34.85452,-119.48598,05/21/2022,27.28,15.13
679,mz,Cuyama,Cuyama_2,2,high,34.85379,-119.48594,05/21/2022,25.16,16.51
680,mz,Cuyama,Cuyama_2,2,high,34.85368,-119.48573,05/21/2022,25.28,15.88
681,mz,Cuyama,Cuyama_2,2,high,34.85348,-119.48561,05/21/2022,25.58,15.78
682,mz,Cuyama,Cuyama_2,2,high,34.85355,-119.48567,05/21/2022,25.63,16.31
683,mz,Cuyama,Cuyama_2,2,high,34.8535,-119.48595,05/21/2022,26.32,15.78
684,mz,Cuyama,Cuyama_2,2,high,34.85362,-119.48598,05/21/2022,24.39,16.96
685,mz,Cuyama,Cuyama_2,2,high,34.85356,-119.48605,05/21/2022,24.89,16.51
686,mz,Cuyama,Cuyama_2,2,high,34.85366,-119.48608,05/21/2022,25.78,16
687,mz,Cuyama,Cuyama_2,2,high,34.85369,-119.48623,05/21/2022,25.17,15.8
688,mz,Cuyama,Cuyama_2,2,high,34.85381,-119.48626,05/21/2022,25.38,15.63
689,mz,Cuyama,Cuyama_2,2,high,34.85393,-119.48602,05/21/2022,26.13,15.32
690,mz,Cuyama,Cuyama_2,1,open,34.85474,-119.48492,05/21/2022,23.79,16.4
691,mz,Cuyama,Cuyama_2,1,open,34.85503,-119.48515,05/21/2022,26.52,15.29
692,mz,Cuyama,Cuyama_2,2,open,34.8542,-119.48468,05/21/2022,25.49,15.42
693,mz,Cuyama,Cuyama_2,2,open,34.85459,-119.48492,05/21/2022,28.04,1.89
694,mz,Cuyama,Cuyama_2,1,high,34.85431,-119.48598,05/28/2022,25.58,28.93
695,mz,Cuyama,Cuyama_2,1,high,34.85429,-119.48615,05/28/2022,26.13,26.71
696,mz,Cuyama,Cuyama_2,1,high,34.85437,-119.48611,05/28/2022,26.15,26.83
697,mz,Cuyama,Cuyama_2,1,high,34.85441,-119.48611,05/28/2022,25.65,27.57
698,mz,Cuyama,Cuyama_2,1,high,34.85447,-119.48622,05/28/2022,24.06,30.3
699,mz,Cuyama,Cuyama_2,1,high,34.85453,-119.48618,05/28/2022,24.59,29.98
700,mz,Cuyama,Cuyama_2,1,high,34.85458,-119.48613,05/28/2022,24.87,27.97
701,mz,Cuyama,Cuyama_2,1,high,34.85465,-119.48612,05/28/2022,24.63,28.27
702,mz,Cuyama,Cuyama_2,1,high,34.85471,-119.48601,05/28/2022,24.73,29.53
703,mz,Cuyama,Cuyama_2,1,high,34.8546,-119.48595,05/28/2022,24.52,28.66
704,mz,Cuyama,Cuyama_2,1,high,34.85452,-119.48598,05/28/2022,24.9,28.61
705,mz,Cuyama,Cuyama_2,2,high,34.85379,-119.48594,05/28/2022,24.47,29.29
706,mz,Cuyama,Cuyama_2,2,high,34.85368,-119.48573,05/28/2022,24.15,29.91
707,mz,Cuyama,Cuyama_2,2,high,34.85348,-119.48561,05/28/2022,24.81,29.06
708,mz,Cuyama,Cuyama_2,2,high,34.85355,-119.48567,05/28/2022,24.73,29.61
709,mz,Cuyama,Cuyama_2,2,high,34.8535,-119.48595,05/28/2022,24.86,28
710,mz,Cuyama,Cuyama_2,2,high,34.85362,-119.48598,05/28/2022,24.65,28.9
711,mz,Cuyama,Cuyama_2,2,high,34.85356,-119.48605,05/28/2022,23.86,31.39
712,mz,Cuyama,Cuyama_2,2,high,34.85366,-119.48608,05/28/2022,24.2,30.84
713,mz,Cuyama,Cuyama_2,2,high,34.85369,-119.48623,05/28/2022,24.3,29.75
714,mz,Cuyama,Cuyama_2,2,high,34.85381,-119.48626,05/28/2022,25.02,29.05
715,mz,Cuyama,Cuyama_2,2,high,34.85393,-119.48602,05/28/2022,25.15,28.28
716,mz,Cuyama,Cuyama_2,1,open,34.85474,-119.48492,05/28/2022,23.73,32.4
717,mz,Cuyama,Cuyama_2,1,open,34.85503,-119.48515,05/28/2022,28.35,33.67
718,mz,Cuyama,Cuyama_2,2,open,34.8542,-119.48468,05/28/2022,24.26,32
719,mz,Cuyama,Cuyama_2,2,open,34.85459,-119.48492,05/28/2022,25.31,28.14
720,mz,Cuyama,Cuyama_2,1,high,34.85431,-119.48598,06/06/2022,23.95,49.25
721,mz,Cuyama,Cuyama_2,1,high,34.85429,-119.48615,06/06/2022,24.63,47.62
722,mz,Cuyama,Cuyama_2,1,high,34.85437,-119.48611,06/06/2022,24.57,47.83
723,mz,Cuyama,Cuyama_2,1,high,34.85441,-119.48611,06/06/2022,24.2,47.35
724,mz,Cuyama,Cuyama_2,1,high,34.85447,-119.48622,06/06/2022,23.13,51.38
725,mz,Cuyama,Cuyama_2,1,high,34.85453,-119.48618,06/06/2022,23.95,49.39
726,mz,Cuyama,Cuyama_2,1,high,34.85458,-119.48613,06/06/2022,23.95,48.83
727,mz,Cuyama,Cuyama_2,1,high,34.85465,-119.48612,06/06/2022,24.21,49.26
728,mz,Cuyama,Cuyama_2,1,high,34.85471,-119.48601,06/06/2022,24.36,49.14
729,mz,Cuyama,Cuyama_2,1,high,34.8546,-119.48595,06/06/2022,23.19,49.55
730,mz,Cuyama,Cuyama_2,1,high,34.85452,-119.48598,06/06/2022,23.62,50.03
731,mz,Cuyama,Cuyama_2,2,high,34.85379,-119.48594,06/06/2022,24.08,49.25
732,mz,Cuyama,Cuyama_2,2,high,34.85368,-119.48573,06/06/2022,23.69,49.52
733,mz,Cuyama,Cuyama_2,2,high,34.85348,-119.48561,06/06/2022,23.77,50.71
734,mz,Cuyama,Cuyama_2,2,high,34.85355,-119.48567,06/06/2022,24.08,49.79
735,mz,Cuyama,Cuyama_2,2,high,34.8535,-119.48595,06/06/2022,23.8,51.14
736,mz,Cuyama,Cuyama_2,2,high,34.85362,-119.48598,06/06/2022,24.57,48.21
737,mz,Cuyama,Cuyama_2,2,high,34.85356,-119.48605,06/06/2022,24.04,49.2
738,mz,Cuyama,Cuyama_2,2,high,34.85366,-119.48608,06/06/2022,24.59,49.09
739,mz,Cuyama,Cuyama_2,2,high,34.85369,-119.48623,06/06/2022,24.32,49.56
740,mz,Cuyama,Cuyama_2,2,high,34.85381,-119.48626,06/06/2022,25.48,46
741,mz,Cuyama,Cuyama_2,2,high,34.85393,-119.48602,06/06/2022,26.15,43.8
742,mz,Cuyama,Cuyama_2,1,open,34.85474,-119.48492,06/06/2022,26,44.99
743,mz,Cuyama,Cuyama_2,1,open,34.85503,-119.48515,06/06/2022,25.68,46.74
744,mz,Cuyama,Cuyama_2,2,open,34.8542,-119.48468,06/06/2022,25.34,46.44
745,mz,Cuyama,Cuyama_2,2,open,34.85459,-119.48492,06/06/2022,25.31,45.74
746,mz,Mojave,Tecopa,1,high,35.85288,-116.18394,05/14/2022,35.69,6.46
747,mz,Mojave,Tecopa,1,high,35.85284,-116.18388,05/14/2022,34.77,6.41
748,mz,Mojave,Tecopa,1,high,35.85284,-116.18385,05/14/2022,35.39,6.18
749,mz,Mojave,Tecopa,1,high,35.85281,-116.18369,05/14/2022,36.48,6.06
750,mz,Mojave,Tecopa,1,high,35.8528,-116.18368,05/14/2022,36.95,5.89
751,mz,Mojave,Tecopa,1,high,35.85278,-116.18374,05/14/2022,35.6,6.1
752,mz,Mojave,Tecopa,1,high,35.85269,-116.18375,05/14/2022,36.39,6.45
753,mz,Mojave,Tecopa,1,high,35.85268,-116.18375,05/14/2022,36.39,6.27
754,mz,Mojave,Tecopa,1,high,35.85274,-116.18382,05/14/2022,36.04,6.14
755,mz,Mojave,Tecopa,1,high,35.85277,-116.18387,05/14/2022,35.27,6.7
756,mz,Mojave,Tecopa,2,high,35.8529,-116.18345,05/14/2022,37.66,6.51
757,mz,Mojave,Tecopa,2,high,35.85289,-116.18333,05/14/2022,37.99,5.62
758,mz,Mojave,Tecopa,2,high,35.85285,-116.18329,05/14/2022,37.29,5.74
759,mz,Mojave,Tecopa,2,high,35.85288,-116.1833,05/14/2022,38.66,5.39
760,mz,Mojave,Tecopa,2,high,35.85283,-116.18314,05/14/2022,38.58,5.66
761,mz,Mojave,Tecopa,2,high,35.85272,-116.1832,05/14/2022,37.77,5.84
762,mz,Mojave,Tecopa,2,high,35.85273,-116.18323,05/14/2022,37.36,5.85
763,mz,Mojave,Tecopa,2,high,35.85275,-116.18326,05/14/2022,37.81,5.97
764,mz,Mojave,Tecopa,2,high,35.85271,-116.1833,05/14/2022,38.77,5.68
765,mz,Mojave,Tecopa,2,high,35.85284,-116.18341,05/14/2022,36.41,6.1
766,mz,Mojave,Tecopa,2,high,35.85283,-116.18346,05/14/2022,36.61,6.59
767,mz,Mojave,Tecopa,3,high,35.85294,-116.18427,05/14/2022,36.74,6.28
768,mz,Mojave,Tecopa,3,high,35.85291,-116.1843,05/14/2022,38,5.76
769,mz,Mojave,Tecopa,3,high,35.85288,-116.18421,05/14/2022,38.15,5.34
770,mz,Mojave,Tecopa,3,high,35.85278,-116.18414,05/14/2022,37.84,5.5
771,mz,Mojave,Tecopa,3,high,35.85274,-116.18415,05/14/2022,37.64,5.59
772,mz,Mojave,Tecopa,3,high,35.85268,-116.18417,05/14/2022,38.58,5.49
773,mz,Mojave,Tecopa,3,high,35.85269,-116.18409,05/14/2022,39.85,5.03
774,mz,Mojave,Tecopa,3,high,35.85266,-116.18423,05/14/2022,37.79,5.61
775,mz,Mojave,Tecopa,3,high,35.85268,-116.18422,05/14/2022,37,5.81
776,mz,Mojave,Tecopa,3,high,35.8528,-116.18428,05/14/2022,36.78,6.21
777,mz,Mojave,Tecopa,3,high,35.85287,-116.18432,05/14/2022,36.68,6.04
778,mz,Mojave,Tecopa,4,high,35.85282,-116.18468,05/14/2022,37.15,5.58
779,mz,Mojave,Tecopa,4,high,35.85278,-116.18451,05/14/2022,38.4,5.42
780,mz,Mojave,Tecopa,4,high,35.85276,-116.18447,05/14/2022,39.09,5.38
781,mz,Mojave,Tecopa,4,high,35.85263,-116.18444,05/14/2022,39.46,5.32
782,mz,Mojave,Tecopa,4,high,35.85263,-116.18448,05/14/2022,38.7,5.34
783,mz,Mojave,Tecopa,4,high,35.85258,-116.1845,05/14/2022,37.41,5.78
784,mz,Mojave,Tecopa,4,high,35.85253,-116.18451,05/14/2022,36.96,5.65
785,mz,Mojave,Tecopa,4,high,35.85265,-116.18465,05/14/2022,37.7,5.81
786,mz,Mojave,Tecopa,4,high,35.85263,-116.18472,05/14/2022,36.78,5.69
787,mz,Mojave,Tecopa,4,high,35.85285,-116.18472,05/14/2022,36.68,6.07
788,mz,Mojave,Tecopa_open,1,open,35.85498,-116.17963,05/14/2022,37.52,5.85
789,mz,Mojave,Tecopa_open,1,open,35.8548,-116.17924,05/14/2022,37.39,5.46
790,mz,Mojave,Tecopa_open,2,open,35.85442,-116.17972,05/14/2022,38.86,5.47
791,mz,Mojave,Tecopa_open,2,open,35.85442,-116.17955,05/14/2022,37.63,5.6
792,mz,Mojave,Tecopa_open,3,open,35.85483,-116.17908,05/14/2022,38.08,5.36
793,mz,Mojave,Tecopa_open,3,open,35.85474,-116.17866,05/14/2022,36.71,5.48
794,mz,Mojave,Tecopa_open,4,open,35.85511,-116.17831,05/14/2022,37.07,6.76
795,mz,Mojave,Tecopa_open,4,open,35.85527,-116.1787,05/14/2022,36.38,6.44
796,mz,Mojave,Tecopa,1,high,35.85288,-116.18394,05/26/2022,39.66,9.46
797,mz,Mojave,Tecopa,1,high,35.85284,-116.18388,05/26/2022,39.12,9.72
798,mz,Mojave,Tecopa,1,high,35.85284,-116.18385,05/26/2022,39.04,9.75
799,mz,Mojave,Tecopa,1,high,35.85281,-116.18369,05/26/2022,39.26,9.68
800,mz,Mojave,Tecopa,1,high,35.8528,-116.18368,05/26/2022,39.57,9.53
801,mz,Mojave,Tecopa,1,high,35.85278,-116.18374,05/26/2022,39.44,9.62
802,mz,Mojave,Tecopa,1,high,35.85269,-116.18375,05/26/2022,39.18,9.76
803,mz,Mojave,Tecopa,1,high,35.85268,-116.18375,05/26/2022,38.83,10.01
804,mz,Mojave,Tecopa,1,high,35.85274,-116.18382,05/26/2022,39.12,9.87
805,mz,Mojave,Tecopa,1,high,35.85277,-116.18387,05/26/2022,39.26,9.77
806,mz,Mojave,Tecopa,2,high,35.8529,-116.18345,05/26/2022,40.26,9.15
807,mz,Mojave,Tecopa,2,high,35.85289,-116.18333,05/26/2022,39.66,9.53
808,mz,Mojave,Tecopa,2,high,35.85285,-116.18329,05/26/2022,40.23,9.38
809,mz,Mojave,Tecopa,2,high,35.85288,-116.1833,05/26/2022,40.48,9.32
810,mz,Mojave,Tecopa,2,high,35.85283,-116.18314,05/26/2022,40.66,9.19
811,mz,Mojave,Tecopa,2,high,35.85272,-116.1832,05/26/2022,39.82,9.43
812,mz,Mojave,Tecopa,2,high,35.85273,-116.18323,05/26/2022,40.21,9.27
813,mz,Mojave,Tecopa,2,high,35.85275,-116.18326,05/26/2022,40.51,9.17
814,mz,Mojave,Tecopa,2,high,35.85271,-116.1833,05/26/2022,40.21,9.3
815,mz,Mojave,Tecopa,2,high,35.85284,-116.18341,05/26/2022,39.98,9.28
816,mz,Mojave,Tecopa,2,high,35.85283,-116.18346,05/26/2022,40.29,9.46
817,mz,Mojave,Tecopa,3,high,35.85294,-116.18427,05/26/2022,38.65,10.21
818,mz,Mojave,Tecopa,3,high,35.85291,-116.1843,05/26/2022,38.7,10.17
819,mz,Mojave,Tecopa,3,high,35.85288,-116.18421,05/26/2022,38.28,12.18
820,mz,Mojave,Tecopa,3,high,35.85278,-116.18414,05/26/2022,38.51,10.96
821,mz,Mojave,Tecopa,3,high,35.85274,-116.18415,05/26/2022,38.16,10.36
822,mz,Mojave,Tecopa,3,high,35.85268,-116.18417,05/26/2022,38.84,10.04
823,mz,Mojave,Tecopa,3,high,35.85269,-116.18409,05/26/2022,38.89,9.94
824,mz,Mojave,Tecopa,3,high,35.85266,-116.18423,05/26/2022,38.21,10.33
825,mz,Mojave,Tecopa,3,high,35.85268,-116.18422,05/26/2022,38.01,10.69
826,mz,Mojave,Tecopa,3,high,35.8528,-116.18428,05/26/2022,37.83,11.07
827,mz,Mojave,Tecopa,3,high,35.85287,-116.18432,05/26/2022,38.39,10.47
828,mz,Mojave,Tecopa,4,high,35.85282,-116.18468,05/26/2022,39.15,9.87
829,mz,Mojave,Tecopa,4,high,35.85278,-116.18451,05/26/2022,38.67,10.06
830,mz,Mojave,Tecopa,4,high,35.85276,-116.18447,05/26/2022,39.18,9.86
831,mz,Mojave,Tecopa,4,high,35.85263,-116.18444,05/26/2022,39.16,9.89
832,mz,Mojave,Tecopa,4,high,35.85263,-116.18448,05/26/2022,39.12,9.77
833,mz,Mojave,Tecopa,4,high,35.85258,-116.1845,05/26/2022,38.35,10.14
834,mz,Mojave,Tecopa,4,high,35.85253,-116.18451,05/26/2022,38.57,10.06
835,mz,Mojave,Tecopa,4,high,35.85265,-116.18465,05/26/2022,38.74,10.03
836,mz,Mojave,Tecopa,4,high,35.85263,-116.18472,05/26/2022,38.33,10.05
837,mz,Mojave,Tecopa,4,high,35.85285,-116.18472,05/26/2022,38.87,9.98
838,mz,Mojave,Tecopa_open,1,open,35.85498,-116.17963,05/26/2022,41.94,7.82
839,mz,Mojave,Tecopa_open,1,open,35.8548,-116.17924,05/26/2022,39.19,9.16
840,mz,Mojave,Tecopa_open,2,open,35.85442,-116.17972,05/26/2022,38.94,8.78
841,mz,Mojave,Tecopa_open,2,open,35.85442,-116.17955,05/26/2022,39.48,8.05
842,mz,Mojave,Tecopa_open,3,open,35.85483,-116.17908,05/26/2022,39.25,8.52
843,mz,Mojave,Tecopa_open,3,open,35.85474,-116.17866,05/26/2022,38.86,8.8
844,mz,Mojave,Tecopa_open,4,open,35.85511,-116.17831,05/26/2022,39.2,10.82
845,mz,Mojave,Tecopa_open,4,open,35.85527,-116.1787,05/26/2022,38.31,10.04
846,mz,Mojave,Tecopa,1,high,35.85288,-116.18394,06/03/2022,31.42,17.38
847,mz,Mojave,Tecopa,1,high,35.85284,-116.18388,06/03/2022,32.89,16.24
848,mz,Mojave,Tecopa,1,high,35.85284,-116.18385,06/03/2022,32.21,16.52
849,mz,Mojave,Tecopa,1,high,35.85281,-116.18369,06/03/2022,32.12,16.98
850,mz,Mojave,Tecopa,1,high,35.8528,-116.18368,06/03/2022,32.28,16.65
851,mz,Mojave,Tecopa,1,high,35.85278,-116.18374,06/03/2022,32.04,16.77
852,mz,Mojave,Tecopa,1,high,35.85269,-116.18375,06/03/2022,32.1,18.32
853,mz,Mojave,Tecopa,1,high,35.85268,-116.18375,06/03/2022,30.33,17.85
854,mz,Mojave,Tecopa,1,high,35.85274,-116.18382,06/03/2022,31.09,17.11
855,mz,Mojave,Tecopa,1,high,35.85277,-116.18387,06/03/2022,31.57,17.67
856,mz,Mojave,Tecopa,2,high,35.8529,-116.18345,06/03/2022,32.32,16.69
857,mz,Mojave,Tecopa,2,high,35.85289,-116.18333,06/03/2022,31.86,16.62
858,mz,Mojave,Tecopa,2,high,35.85285,-116.18329,06/03/2022,32.87,16.56
859,mz,Mojave,Tecopa,2,high,35.85288,-116.1833,06/03/2022,33.14,16.67
860,mz,Mojave,Tecopa,2,high,35.85283,-116.18314,06/03/2022,32.03,16.8
861,mz,Mojave,Tecopa,2,high,35.85272,-116.1832,06/03/2022,33.2,16.41
862,mz,Mojave,Tecopa,2,high,35.85273,-116.18323,06/03/2022,32.6,16.6
863,mz,Mojave,Tecopa,2,high,35.85275,-116.18326,06/03/2022,32.16,16.79
864,mz,Mojave,Tecopa,2,high,35.85271,-116.1833,06/03/2022,32.08,17.01
865,mz,Mojave,Tecopa,2,high,35.85284,-116.18341,06/03/2022,31.85,17.38
866,mz,Mojave,Tecopa,2,high,35.85283,-116.18346,06/03/2022,31.32,17.84
867,mz,Mojave,Tecopa,3,high,35.85294,-116.18427,06/03/2022,30.8,18.41
868,mz,Mojave,Tecopa,3,high,35.85291,-116.1843,06/03/2022,30.69,17.84
869,mz,Mojave,Tecopa,3,high,35.85288,-116.18421,06/03/2022,31.06,17.55
870,mz,Mojave,Tecopa,3,high,35.85278,-116.18414,06/03/2022,30.61,17.76
871,mz,Mojave,Tecopa,3,high,35.85274,-116.18415,06/03/2022,30.54,17.83
872,mz,Mojave,Tecopa,3,high,35.85268,-116.18417,06/03/2022,30.71,17.73
873,mz,Mojave,Tecopa,3,high,35.85269,-116.18409,06/03/2022,30.93,17.53
874,mz,Mojave,Tecopa,3,high,35.85266,-116.18423,06/03/2022,30.3,18.6
875,mz,Mojave,Tecopa,3,high,35.85268,-116.18422,06/03/2022,30.28,18.38
876,mz,Mojave,Tecopa,3,high,35.8528,-116.18428,06/03/2022,30.23,18.61
877,mz,Mojave,Tecopa,3,high,35.85287,-116.18432,06/03/2022,30.34,18.66
878,mz,Mojave,Tecopa,4,high,35.85282,-116.18468,06/03/2022,32.26,16.78
879,mz,Mojave,Tecopa,4,high,35.85278,-116.18451,06/03/2022,31.72,17.15
880,mz,Mojave,Tecopa,4,high,35.85276,-116.18447,06/03/2022,31.79,17.11
881,mz,Mojave,Tecopa,4,high,35.85263,-116.18444,06/03/2022,31.77,17.02
882,mz,Mojave,Tecopa,4,high,35.85263,-116.18448,06/03/2022,31.35,17.48
883,mz,Mojave,Tecopa,4,high,35.85258,-116.1845,06/03/2022,31.66,17.33
884,mz,Mojave,Tecopa,4,high,35.85253,-116.18451,06/03/2022,31.98,18.51
885,mz,Mojave,Tecopa,4,high,35.85265,-116.18465,06/03/2022,31.42,17.36
886,mz,Mojave,Tecopa,4,high,35.85263,-116.18472,06/03/2022,31.91,16.59
887,mz,Mojave,Tecopa,4,high,35.85285,-116.18472,06/03/2022,32.39,17.05
888,mz,Mojave,Tecopa_open,1,open,35.85498,-116.17963,06/03/2022,30.69,17.57
889,mz,Mojave,Tecopa_open,1,open,35.8548,-116.17924,06/03/2022,31.5,17.16
890,mz,Mojave,Tecopa_open,2,open,35.85442,-116.17972,06/03/2022,30.54,17.89
891,mz,Mojave,Tecopa_open,2,open,35.85442,-116.17955,06/03/2022,31.02,18.18
892,mz,Mojave,Tecopa_open,3,open,35.85483,-116.17908,06/03/2022,31.77,17.5
893,mz,Mojave,Tecopa_open,3,open,35.85474,-116.17866,06/03/2022,31.34,17.71
894,mz,Mojave,Tecopa_open,4,open,35.85511,-116.17831,06/03/2022,31.24,17.46
895,mz,Mojave,Tecopa_open,4,open,35.85527,-116.1787,06/03/2022,31.94,16.75
896,ng,Mojave,Tecopa,1,shrub,35.85309,-116.18443,05/14/2022,38.42,5.03
897,ng,Mojave,Tecopa,1,square,35.85309,-116.18443,05/14/2022,38.95,6.19
898,ng,Mojave,Tecopa,1,triangle,35.85309,-116.18443,05/14/2022,38.77,5.07
899,ng,Mojave,Tecopa,2,shrub,35.85297,-116.18407,05/14/2022,38.68,5.03
900,ng,Mojave,Tecopa,2,square,35.85297,-116.18407,05/14/2022,38.83,5.61
901,ng,Mojave,Tecopa,2,triangle,35.85297,-116.18407,05/14/2022,38.76,5.27
902,ng,Mojave,Tecopa,3,shrub,35.85294,-116.18396,05/14/2022,38.42,5.17
903,ng,Mojave,Tecopa,3,square,35.85294,-116.18396,05/14/2022,39.32,6.45
904,ng,Mojave,Tecopa,3,triangle,35.85294,-116.18396,05/14/2022,39.13,4.92
905,ng,Mojave,Tecopa,4,shrub,35.85303,-116.18407,05/14/2022,37.76,5.23
906,ng,Mojave,Tecopa,4,square,35.85303,-116.18407,05/14/2022,38.71,5.22
907,ng,Mojave,Tecopa,4,triangle,35.85303,-116.18407,05/14/2022,38.24,5.16
908,ng,Mojave,Tecopa,1,shrub,35.85309,-116.18443,05/26/2022,29.74,9.71
909,ng,Mojave,Tecopa,1,square,35.85309,-116.18443,05/26/2022,39.59,9.67
910,ng,Mojave,Tecopa,1,triangle,35.85309,-116.18443,05/26/2022,39.68,9.49
911,ng,Mojave,Tecopa,2,shrub,35.85297,-116.18407,05/26/2022,40.56,9.34
912,ng,Mojave,Tecopa,2,square,35.85297,-116.18407,05/26/2022,40.11,9.25
913,ng,Mojave,Tecopa,2,triangle,35.85297,-116.18407,05/26/2022,40.36,9.15
914,ng,Mojave,Tecopa,3,shrub,35.85294,-116.18396,05/26/2022,39.72,9.55
915,ng,Mojave,Tecopa,3,square,35.85294,-116.18396,05/26/2022,39.63,9.54
916,ng,Mojave,Tecopa,3,triangle,35.85294,-116.18396,05/26/2022,39.05,9.81
917,ng,Mojave,Tecopa,4,shrub,35.85303,-116.18407,05/26/2022,39.73,9.63
918,ng,Mojave,Tecopa,4,square,35.85303,-116.18407,05/26/2022,39.49,9.63
919,ng,Mojave,Tecopa,4,triangle,35.85303,-116.18407,05/26/2022,39.42,9.52
920,ng,Mojave,Tecopa,1,shrub,35.85309,-116.18443,03/06/2022,30.12,17.9
921,ng,Mojave,Tecopa,1,square,35.85309,-116.18443,03/06/2022,20.26,17.7
922,ng,Mojave,Tecopa,1,triangle,35.85309,-116.18443,03/06/2022,30.35,18.12
923,ng,Mojave,Tecopa,2,shrub,35.85297,-116.18407,03/06/2022,30.74,17.36
924,ng,Mojave,Tecopa,2,square,35.85297,-116.18407,03/06/2022,30.56,17.38
925,ng,Mojave,Tecopa,2,triangle,35.85297,-116.18407,03/06/2022,30.52,17.4
926,ng,Mojave,Tecopa,3,shrub,35.85294,-116.18396,03/06/2022,30.82,17.24
927,ng,Mojave,Tecopa,3,square,35.85294,-116.18396,03/06/2022,30.65,17.75
928,ng,Mojave,Tecopa,3,triangle,35.85294,-116.18396,03/06/2022,30.91,17.29
929,ng,Mojave,Tecopa,4,shrub,35.85303,-116.18407,03/06/2022,31.39,16.82
930,ng,Mojave,Tecopa,4,square,35.85303,-116.18407,03/06/2022,31.28,17.01
931,ng,Mojave,Tecopa,4,triangle,35.85303,-116.18407,03/06/2022,,
932,ng,Mojave,Tecopa,5,shrub,35.85313,-116.18401,03/06/2022,32.47,16.32
933,ng,Mojave,Tecopa,5,square,35.85309,-116.18443,03/06/2022,32.52,15.92
934,ng,Mojave,Tecopa,5,triangle,35.85309,-116.18443,03/06/2022,32.21,16.14
935,ng,Mojave,Tecopa,6,shrub,35.85307,-116.18394,03/06/2022,32.27,16.86
936,ng,Mojave,Tecopa,6,square,35.85309,-116.18443,03/06/2022,31.34,19.97
937,ng,Mojave,Tecopa,6,triangle,35.85309,-116.18443,03/06/2022,31.44,16.88
938,ng,Mojave,Tecopa,7,shrub,35.85313,-116.184384,03/06/2022,30.85,17.27
939,ng,Mojave,Tecopa,7,square,35.85309,-116.18443,03/06/2022,30.75,17.27
940,ng,Mojave,Tecopa,7,triangle,35.85309,-116.18443,03/06/2022,31.44,16.88
941,ng,Mojave,Tecopa,8,shrub,35.8538,-116.184295,03/06/2022,30.95,17.93
942,ng,Mojave,Tecopa,8,square,35.85309,-116.18443,03/06/2022,31.2,17.04
943,ng,Mojave,Tecopa,8,triangle,35.85309,-116.18443,03/06/2022,,
944,ng,Mojave,Tecopa,1,open,35.85541,-116.17905,03/06/2022,31.61,16.4
945,ng,Mojave,Tecopa,2,open,35.85546,-116.17902,03/06/2022,32.35,16.45
946,ng,Mojave,Tecopa,3,open,35.85541,-116.17905,03/06/2022,32.2,16
947,ng,Mojave,Tecopa,4,open,35.85549,-116.17905,03/06/2022,32.01,16.09
948,ng,Mojave,Tecopa,1,open,35.85541,-116.17905,03/06/2022,31.75,16.43
949,ng,Mojave,Tecopa,1,open,35.85541,-116.17905,03/06/2022,31.21,16.78
950,ng,Mojave,Tecopa,2,open,35.85546,-116.17902,03/06/2022,31.23,16.85
951,ng,Mojave,Tecopa,2,open,35.85546,-116.17902,03/06/2022,31.39,17.23
952,ng,Mojave,Tecopa_open,1,open,35.85541,-116.17905,05/14/2022,37.54,5.23
953,ng,Mojave,Tecopa_open,2,open,35.85546,-116.17902,05/14/2022,37.46,5.27
954,ng,Mojave,Tecopa_open,3,open,35.85541,-116.17905,05/14/2022,37.73,5.27
955,ng,Mojave,Tecopa_open,4,open,35.85549,-116.17905,05/14/2022,37.62,5.68
956,ng,Mojave,Tecopa_open,1,triangle,35.85541,-116.17905,05/14/2022,37.25,6.27
957,ng,Mojave,Tecopa_open,1,square,35.85541,-116.17905,05/14/2022,37.44,5.75
958,ng,Mojave,Tecopa_open,2,triangle,35.85546,-116.17902,05/14/2022,37.36,5.46
959,ng,Mojave,Tecopa_open,2,square,35.85546,-116.17902,05/14/2022,37.48,5.39
