"","rii_calc_shrub","rii_calc_triangle","rii_calc_square"
"1",0.285714285714286,0.215686274509804,-0.0256410256410256
"2",0.307692307692308,0.181818181818182,-0.161290322580645
"3",0.411764705882353,0.25,-0.132075471698113
"4",0.463414634146341,0.333333333333333,-0.0232558139534884
"5",0.3125,0.794392523364486,0.3125
"6",NA,NA,NA
"7",NA,NA,NA
"8",NA,NA,NA
"9",NA,NA,NA
"10",NA,NA,NA
"11",NA,NA,NA
"12",NA,NA,NA
"13",NA,NA,NA
"14",NA,NA,NA
"15",NA,NA,NA
"16",NA,1,1
"17",-0.277777777777778,0.852090032154341,0.886977886977887
"18",-0.70048309178744,0.551020408163265,0.698630136986301
"19",-0.5,0.6,0.684210526315789
"20",-0.347368421052632,0.483870967741935,0.636363636363636
"21",-0.0285714285714286,0.470588235294118,0.357142857142857
"22",0.2,0.333333333333333,0.234042553191489
"23",0.254901960784314,0.224489795918367,0.173913043478261
"24",0.309090909090909,0.173913043478261,-0.0857142857142857
"25",0.333333333333333,0.136363636363636,-0.169230769230769
"26",0.357142857142857,0.0526315789473684,-0.2
"27",0.387755102040816,0.210526315789474,-0.153846153846154
"28",0.468354430379747,0.311475409836066,-0.05
"29",0.2,0.785714285714286,0.294117647058824
"30",NA,NA,NA
"31",NA,NA,NA
"32",NA,NA,NA
"33",NA,NA,NA
"34",NA,NA,NA
"35",NA,NA,NA
"36",NA,NA,NA
"37",NA,NA,NA
"38",NA,NA,NA
"39",NA,NA,NA
"40",NA,1,1
"41",-0.0588235294117647,0.882352941176471,0.932075471698113
"42",-0.660377358490566,0.584905660377358,0.706666666666667
"43",-0.411764705882353,0.6,0.655172413793103
"44",-0.283018867924528,0.46031746031746,0.6
"45",-0.0285714285714286,0.485714285714286,0.2
"46",0.155555555555556,0.377049180327869,0.24
"47",0.230769230769231,0.148936170212766,0.111111111111111
"48",0.259259259259259,0.024390243902439,-0.0810810810810811
"49",0.183673469387755,0.130434782608696,-0.194029850746269
"50",0.309090909090909,0.116279069767442,-0.225806451612903
"51",0.36,0.0857142857142857,-0.207547169811321
"52",0.459459459459459,0.333333333333333,0.024390243902439
"53",0.161290322580645,0.731958762886598,0.212121212121212
"54",NA,NA,NA
"55",NA,NA,NA
"56",NA,NA,NA
"57",NA,NA,NA
"58",NA,NA,NA
"59",NA,NA,NA
"60",NA,NA,NA
"61",NA,NA,NA
"62",NA,NA,NA
"63",NA,NA,NA
"64",NA,1,1
"65",-0.28955223880597,0.809187279151943,0.899814471243043
"66",-0.580246913580247,0.652173913043478,0.764705882352941
"67",-0.481481481481481,0.538461538461538,0.655172413793103
"68",-0.36,0.476923076923077,0.617977528089888
"69",-0.0285714285714286,0.419354838709677,0.333333333333333
"70",0.136363636363636,0.309090909090909,0.208333333333333
"71",0.183673469387755,0.2,0.111111111111111
"72",0.207547169811321,-0.135135135135135,-0.105263157894737
"73",0.236363636363636,0.0666666666666667,-0.2
"74",0.155555555555556,0.116279069767442,-0.225806451612903
"75",0.319148936170213,0.157894736842105,-0.207547169811321
"76",0.263157894736842,0.288135593220339,0
"77",0.176470588235294,0.621621621621622,0.151515151515152
"78",NA,NA,NA
"79",NA,NA,NA
"80",NA,NA,NA
"81",NA,NA,NA
"82",NA,NA,NA
"83",NA,NA,NA
"84",NA,NA,NA
"85",NA,NA,NA
"86",NA,NA,NA
"87",NA,NA,NA
"88",NA,NA,1
"89",-0.255813953488372,0.828571428571429,0.905429071803853
"90",-0.634408602150538,0.582417582417582,0.726618705035971
"91",-0.505882352941176,0.5,0.636363636363636
"92",-0.307692307692308,0.52112676056338,0.617977528089888
"93",-0.0588235294117647,0.4375,0.357142857142857
"94",0.136363636363636,0.333333333333333,0.24
"95",0.2,0.111111111111111,0.0476190476190476
"96",0.230769230769231,-0.0810810810810811,-0.0810810810810811
"97",0.236363636363636,0.142857142857143,-0.217391304347826
"98",0.166666666666667,0.111111111111111,-0.230769230769231
"99",0.276595744680851,0.128205128205128,-0.214285714285714
"100",0.207547169811321,0.288135593220339,0
"101",0.189189189189189,0.63855421686747,0.166666666666667
"102",NA,NA,NA
"103",NA,NA,NA
"104",NA,NA,NA
"105",NA,NA,NA
"106",NA,NA,NA
"107",NA,NA,NA
"108",NA,NA,NA
"109",NA,NA,NA
"110",NA,NA,NA
"111",NA,NA,NA
"112",NA,1,1
"113",-0.333333333333333,0.777777777777778,0.86046511627907
"114",-0.616161616161616,0.565217391304348,0.714285714285714
"115",-0.505882352941176,0.515151515151515,0.636363636363636
"116",-0.283018867924528,0.442622950819672,0.617977528089888
"117",-0.2,0.5,0.6
"118",0.162790697674419,0.4,0.28
"119",0.215686274509804,0.130434782608696,0.130434782608696
"120",0.207547169811321,-0.024390243902439,-0.0769230769230769
"121",0.306122448979592,0.19047619047619,-0.0793650793650794
"122",0.309090909090909,0.173913043478261,-0.151515151515152
"123",0.166666666666667,0.0625,-0.25
"124",0.224489795918367,0.377049180327869,0.116279069767442
"125",0.142857142857143,0.672727272727273,0.142857142857143
"126",NA,NA,NA
"127",NA,NA,NA
"128",NA,NA,NA
"129",NA,NA,NA
"130",NA,NA,NA
"131",NA,NA,NA
"132",NA,NA,NA
"133",NA,NA,NA
"134",NA,NA,NA
"135",NA,NA,NA
"136",-1,0.75,0.8
"137",-0.291666666666667,0.831062670299727,0.885819521178637
"138",-0.649484536082474,0.583333333333333,0.722222222222222
"139",-0.454545454545455,0.466666666666667,0.636363636363636
"140",-0.384615384615385,0.4375,0.6
"141",-0.142857142857143,0.617021276595745,0.6
"142",0.162790697674419,0.419354838709677,0.234042553191489
"143",0.224489795918367,0.191489361702128,0.173913043478261
"144",0.259259259259259,0.0909090909090909,-0.111111111111111
"145",0.285714285714286,0.024390243902439,-0.176470588235294
"146",0.283018867924528,0.116279069767442,-0.225806451612903
"147",0.238095238095238,0.157894736842105,-0.185185185185185
"148",0.288135593220339,0.288135593220339,0.0232558139534884
"149",0.157894736842105,0.666666666666667,0.157894736842105
"150",NA,NA,NA
"151",NA,NA,NA
"152",NA,NA,NA
"153",NA,NA,NA
"154",NA,NA,NA
"155",NA,NA,NA
"156",NA,NA,NA
"157",NA,NA,NA
"158",NA,NA,NA
"159",NA,NA,NA
"160",-1,0.714285714285714,0.777777777777778
"161",-0.29608938547486,0.847769028871391,0.904132231404959
"162",-0.617977528089888,0.6,0.746478873239437
"163",-0.518987341772152,0.491525423728814,0.655172413793103
"164",-0.230769230769231,0.5,0.636363636363636
"165",-0.152542372881356,0.423728813559322,0.580246913580247
"166",0.155555555555556,0.254901960784314,0.254901960784314
"167",0.25,0.121951219512195,0.142857142857143
"168",0.130434782608696,0.0476190476190476,-0.111111111111111
"169",0,0.0909090909090909,-0.194029850746269
"170",-0.027027027027027,0.173913043478261,-0.225806451612903
"171",0.304347826086957,0.157894736842105,-0.207547169811321
"172",0.470588235294118,0.357142857142857,0.1
"173",0.105263157894737,0.649484536082474,0.105263157894737
"174",NA,1,NA
"175",NA,NA,NA
"176",NA,NA,NA
"177",NA,NA,NA
"178",NA,NA,NA
"179",NA,NA,NA
"180",NA,NA,NA
"181",NA,NA,NA
"182",NA,NA,NA
"183",NA,NA,NA
"184",-1,0.777777777777778,0.818181818181818
"185",-0.333333333333333,0.818181818181818,0.894736842105263
"186",-0.649484536082474,0.545454545454545,0.722222222222222
"187",-0.526315789473684,0.504273504273504,0.664739884393064
"188",-0.236363636363636,0.476923076923077,0.617977528089888
"189",-0.0967741935483871,0.423728813559322,0.170731707317073
"190",0.181818181818182,0.25,0.217391304347826
"191",0.24,0.155555555555556,0.116279069767442
"192",0.155555555555556,-0.134328358208955,-0.0857142857142857
"193",0,0.166666666666667,-0.176470588235294
"194",0.208333333333333,0.136363636363636,-0.225806451612903
"195",0.319148936170213,0.2,-0.185185185185185
"196",0.391304347826087,0.288135593220339,0.0232558139534884
"197",0.1875,0.694117647058824,0.1875
"198",NA,1,NA
"199",NA,NA,NA
"200",NA,NA,NA
"201",NA,NA,NA
"202",NA,NA,NA
"203",NA,NA,NA
"204",NA,NA,NA
"205",NA,NA,NA
"206",NA,NA,NA
"207",NA,NA,NA
"208",-0.142857142857143,0.5,0.542857142857143
"209",-0.377049180327869,0.767955801104972,0.856655290102389
"210",-0.644859813084112,0.551020408163265,0.690140845070423
"211",-0.505882352941176,0.529411764705882,0.636363636363636
"212",-0.2,0.485714285714286,0.6
"213",-0.0461538461538462,0.403508771929825,0.209302325581395
"214",0.162790697674419,0.307692307692308,0.26530612244898
"215",0.255813953488372,0.238095238095238,0.2
"216",0.217391304347826,0.142857142857143,0.027027027027027
"217",0.283018867924528,0.191489361702128,0
"218",0.333333333333333,0.255813953488372,0.0303030303030303
"219",0.333333333333333,0.257142857142857,0.0188679245283019
"220",0.461538461538462,0.416666666666667,0.2
"221",0.333333333333333,0.411764705882353,0.253731343283582
"222",NA,NA,NA
"223",NA,NA,NA
"224",NA,NA,NA
"225",NA,NA,NA
"226",NA,NA,NA
"227",NA,NA,NA
"228",NA,NA,NA
"229",NA,NA,NA
"230",NA,NA,NA
"231",NA,NA,NA
"232",-0.2,0.4375,0.513513513513513
"233",-0.354838709677419,0.757225433526012,0.828571428571429
"234",-0.617977528089888,0.684210526315789,0.739130434782609
"235",-0.542168674698795,0.483870967741935,0.636363636363636
"236",-0.333333333333333,0.492537313432836,0.617977528089888
"237",-0.0285714285714286,0.513513513513513,0.121951219512195
"238",0.2,0.4375,0.26530612244898
"239",0.307692307692308,0.333333333333333,0.25
"240",0.24,-0.117647058823529,-0.027027027027027
"241",0,0.121951219512195,-0.125
"242",0.733333333333333,0.741935483870968,0.529411764705882
"243",0.5,0.560975609756098,0.28
"244",0.711627906976744,0.756862745098039,0.62874251497006
"245",-0.163636363636364,0.555555555555556,-0.142857142857143
"246",0,0.6,0
"247",NA,NA,NA
"248",NA,NA,NA
"249",NA,NA,NA
"250",NA,NA,NA
"251",NA,NA,NA
"252",NA,NA,NA
"253",NA,NA,NA
"254",NA,NA,NA
"255",NA,NA,NA
"256",0.333333333333333,0.6,0.6
"257",0.153846153846154,0.3125,0.266666666666667
"258",0.257142857142857,0.527272727272727,0.509433962264151
"259",0.136363636363636,0.333333333333333,0.309090909090909
"260",0.107692307692308,0.425742574257426,0.425742574257426
"261",-0.0857142857142857,0.415384615384615,0.224489795918367
"262",0.538461538461538,0.647058823529412,0.560975609756098
"263",0.307692307692308,0.307692307692308,0.181818181818182
"264",0.333333333333333,0.05,-0.0555555555555556
"265",0.355932203389831,0.136363636363636,-0.169230769230769
"266",0.16,0.142857142857143,-0.272727272727273
"267",0.270588235294118,0.194805194805195,-0.107142857142857
"268",0.857142857142857,0.818181818181818,0.714285714285714
"269",-0.176470588235294,0.6,-0.176470588235294
"270",0,0.6,0.333333333333333
"271",NA,NA,NA
"272",NA,NA,NA
"273",NA,NA,NA
"274",NA,NA,NA
"275",NA,NA,NA
"276",NA,NA,NA
"277",NA,NA,NA
"278",NA,NA,NA
"279",NA,NA,NA
"280",-0.166666666666667,0.611111111111111,0.666666666666667
"281",-0.555140186915888,0.804511278195489,0.873170731707317
"282",-0.631067961165049,0.311475409836066,0.481481481481481
"283",-0.309090909090909,0.470588235294118,0.63265306122449
"284",-0.0731707317073171,0.488372093023256,0.6
"285",0.0909090909090909,0.375,0.354838709677419
"286",0.159420289855072,-0.16,-0.208333333333333
"287",0.107142857142857,-0.219512195121951,-0.282051282051282
"288",0.0967741935483871,-0.191489361702128,-0.302325581395349
"289",0.585585585585586,0.163636363636364,0.08
"290",0.619047619047619,0.384615384615385,0.288888888888889
"291",0.557522123893805,0.180327868852459,0.0384615384615385
"292",-0.0384615384615385,-0.384615384615385,-0.565217391304348
"293",-0.241379310344828,-0.333333333333333,-0.469387755102041
"294",0.666666666666667,0.6,0.333333333333333
"295",NA,NA,NA
"296",NA,NA,NA
"297",NA,NA,NA
"298",NA,NA,NA
"299",NA,NA,NA
"300",NA,NA,NA
"301",NA,NA,NA
"302",NA,NA,NA
"303",NA,NA,NA
"304",0.333333333333333,0.575757575757576,0.641025641025641
"305",-0.253731343283582,0.6,0.777777777777778
"306",-0.529411764705882,0.527272727272727,0.679012345679012
"307",0.1,0.454545454545455,0.617021276595745
"308",0,0.354838709677419,0.565217391304348
"309",0.471264367816092,0.637795275590551,0.471264367816092
"310",0.408450704225352,0.125,0.0666666666666667
"311",0.584158415841584,0.288135593220339,0.207547169811321
"312",0.460869565217391,0.234567901234568,0.126760563380282
"313",0.710691823899371,0.44578313253012,0.333333333333333
"314",0.4375,0.142857142857143,0
"315",0.495327102803738,0.217391304347826,0.169230769230769
"316",0.526315789473684,0.307692307692308,0.28
"317",0.516587677725118,0.28169014084507,0.276595744680851
"318",NA,NA,NA
"319",NA,NA,NA
"320",NA,NA,NA
"321",NA,NA,NA
"322",NA,NA,NA
"323",NA,NA,NA
"324",NA,NA,NA
"325",NA,NA,NA
"326",NA,NA,NA
"327",NA,NA,NA
"328",0.44,0.416666666666667,0.548387096774194
"329",0.254901960784314,0.24,0.377049180327869
"330",-0.0588235294117647,0.2,0.63265306122449
"331",0.125,0.424657534246575,0.710344827586207
"332",0.333333333333333,0.208333333333333,0.333333333333333
"333",0.619047619047619,0.384615384615385,0.407407407407407
"334",0.731958762886598,0.527272727272727,0.653333333333333
"335",0.56701030927835,0.333333333333333,0.408450704225352
"336",0.853281853281853,0.644859813084112,0.6
"337",0.552238805970149,0.318181818181818,0.411764705882353
"338",0.105263157894737,-0.0967741935483871,0.0555555555555556
"339",0.710344827586207,0.505882352941176,0.56701030927835
"340",0.0256410256410256,-0.266666666666667,-0.117647058823529
"341",0.687074829931973,0.458823529411765,0.494505494505495
"342",1,1,1
"343",NA,NA,NA
"344",NA,NA,NA
"345",NA,NA,NA
"346",NA,NA,NA
"347",NA,NA,NA
"348",NA,NA,NA
"349",NA,NA,NA
"350",NA,NA,NA
"351",NA,NA,NA
"352",0.294117647058824,0.142857142857143,0.368421052631579
"353",0.333333333333333,0.288888888888889,0.466666666666667
"354",0.302325581395349,0.230769230769231,0.473684210526316
"355",-0.0588235294117647,0.0357142857142857,0.393258426966292
"356",0.588235294117647,0.76271186440678,0.902097902097902
"357",0.487179487179487,0.428571428571429,0.62962962962963
"358",0.6,0.384615384615385,0.529411764705882
"359",0.367088607594937,0.0740740740740741,0.253731343283582
"360",0.318681318681319,-0.107142857142857,0.0158730158730159
"361",0.393258426966292,0.0357142857142857,0.194029850746269
"362",-0.0638297872340425,-0.408450704225352,-0.333333333333333
"363",0.91264367816092,0.766871165644172,0.680672268907563
"364",0.362637362637363,0.107692307692308,0.348314606741573
"365",0.148936170212766,0.0163934426229508,0.117647058823529
"366",1,1,1
"367",NA,NA,NA
"368",NA,NA,NA
"369",NA,NA,NA
"370",NA,NA,NA
"371",NA,NA,NA
"372",NA,NA,NA
"373",NA,NA,NA
"374",NA,NA,NA
"375",NA,NA,NA
"376",0.52,0.636363636363636,0.815384615384615
"377",-0.493333333333333,0.5625,0.852631578947368
"378",-0.581395348837209,0.306122448979592,0.777777777777778
"379",-0.210526315789474,0.292307692307692,0.710691823899371
"380",-0.508196721311475,-0.4375,0
"381",0.314285714285714,0.294117647058824,0.478260869565217
"382",0.411764705882353,0.433962264150943,0.333333333333333
"383",0.107692307692308,-0.208333333333333,-0.0943396226415094
"384",0.235294117647059,-0.130434782608696,0.0545454545454545
"385",0.714285714285714,0.419354838709677,0.513513513513513
"386",0.664429530201342,0.411764705882353,0.541284403669725
"387",0.495327102803738,0.142857142857143,0.333333333333333
"388",0.661538461538462,0.476190476190476,0.639344262295082
"389",0.580246913580247,0.46031746031746,0.52112676056338
"390",0.666666666666667,0.333333333333333,0.5
"391",NA,NA,NA
"392",NA,NA,NA
"393",NA,NA,NA
"394",NA,NA,NA
"395",NA,NA,NA
"396",NA,NA,NA
"397",NA,NA,NA
"398",NA,NA,NA
"399",NA,NA,NA
"400",0.405405405405405,0.3125,0.56
"401",0.470588235294118,0.846153846153846,0.954198473282443
"402",-0.548387096774194,0.307692307692308,0.766233766233766
"403",-0.150684931506849,0.288135593220339,0.745454545454545
"404",0,0.333333333333333,0.714285714285714
"405",0.674418604651163,0.757225433526012,0.809954751131222
"406",0.473684210526316,0.117647058823529,0.361702127659574
"407",0.836065573770492,0.577464788732394,0.67032967032967
"408",0.614035087719298,0.102040816326531,0.12
"409",0.84070796460177,0.560975609756098,0.4
"410",0.0566037735849057,-0.470588235294118,-0.428571428571429
"411",0.403508771929825,-0.0967741935483871,-0.0625
"412",0.7,0.314285714285714,0.04
"413",0.788819875776398,0.848888888888889,0.663366336633663
"414",0.666666666666667,0.5,0.454545454545455
"415",NA,NA,NA
"416",NA,NA,NA
"417",NA,NA,NA
"418",NA,NA,NA
"419",NA,NA,NA
"420",NA,NA,NA
"421",NA,NA,NA
"422",NA,NA,NA
"423",NA,NA,NA
"424",0.259259259259259,0.420289855072464,0.699248120300752
"425",-0.417721518987342,0.517241379310345,0.831325301204819
"426",-0.478260869565217,0.358490566037736,0.75886524822695
"427",-0.0232558139534884,0.290322580645161,0.721518987341772
"428",0.403508771929825,0.649484536082474,0.867704280155642
"429",0.176470588235294,0.288135593220339,0.664
"430",0.481481481481481,0.125,0.333333333333333
"431",0.56701030927835,0.125,0.311475409836066
"432",0.6,-0.0731707317073171,0.0434782608695652
"433",0.559322033898305,-0.04,-0.155555555555556
"434",0.614678899082569,0.16,-0.135135135135135
"435",0.63265306122449,0.234042553191489,-0.0746268656716418
"436",0.675675675675676,0.172413793103448,0.0943396226415094
"437",0.192307692307692,0.311475409836066,-0.135135135135135
"438",0.647058823529412,0.454545454545455,0.4
"439",NA,NA,NA
"440",NA,NA,NA
"441",NA,NA,NA
"442",NA,NA,NA
"443",NA,NA,NA
"444",NA,NA,NA
"445",NA,NA,NA
"446",NA,NA,NA
"447",NA,NA,NA
"448",0.313432835820896,0.425,0.691275167785235
"449",-0.422222222222222,0.384615384615385,0.771428571428571
"450",-0.347368421052632,0.36,0.771428571428571
"451",-0.135135135135135,0.311475409836066,0.693430656934307
"452",0.173913043478261,0.377049180327869,0.734265734265734
"453",0.111111111111111,0.314285714285714,0.333333333333333
"454",0.428571428571429,0.142857142857143,0.272727272727273
"455",0.585585585585586,0.148148148148148,0.402597402597403
"456",0.0847457627118644,-0.255813953488372,-0.102040816326531
"457",0.84070796460177,0.581395348837209,0.6
"458",0.651612903225806,0.454545454545455,0.530434782608696
"459",0.771428571428571,0.555555555555556,0.652173913043478
"460",0.420560747663551,0.150684931506849,0.215189873417722
"461",0.741935483870968,0.542857142857143,0.578947368421053
"462",0.846153846153846,0.666666666666667,0.777777777777778
"463",NA,NA,NA
"464",NA,NA,NA
"465",NA,NA,NA
"466",NA,NA,NA
"467",NA,NA,NA
"468",NA,NA,NA
"469",NA,NA,NA
"470",NA,NA,NA
"471",NA,NA,NA
"472",0.617021276595745,0.485714285714286,0.617021276595745
"473",-0.272727272727273,-0.05,0.373134328358209
"474",-0.161290322580645,0.333333333333333,0.684210526315789
"475",0.106382978723404,0.353846153846154,0.732484076433121
"476",0.0256410256410256,0.449275362318841,0.726618705035971
"477",0.142857142857143,0.353846153846154,0.391304347826087
"478",0.4375,0.142857142857143,0.4375
"479",0.555555555555556,0.384615384615385,0.466666666666667
"480",0.92274678111588,0.733990147783251,0.723076923076923
"481",0.628318584070796,0.192307692307692,-0.0769230769230769
"482",0.644859813084112,0.173913043478261,-0.101449275362319
"483",0.534246575342466,0.291666666666667,-0.0793650793650794
"484",0.645390070921986,0.206349206349206,0.0909090909090909
"485",0.481481481481481,0.468354430379747,-0.05
"486",0.567567567567568,0.448275862068966,0.407407407407407
"487",NA,NA,NA
"488",NA,NA,NA
"489",NA,NA,NA
"490",NA,NA,NA
"491",NA,NA,NA
"492",NA,NA,NA
"493",NA,NA,NA
"494",NA,NA,NA
"495",NA,NA,NA
"496",0.363636363636364,0.454545454545455,0.702127659574468
"497",-0.44,0.574803149606299,0.857519788918206
"498",-0.311475409836066,0.545454545454545,0.855072463768116
"499",0.285714285714286,0.454545454545455,0.801324503311258
"500",0.116279069767442,0.309090909090909,0.726618705035971
"501",-0.0526315789473684,0.259259259259259,0.259259259259259
"502",0.476190476190476,0.153846153846154,0.421052631578947
"503",0.56701030927835,0.0454545454545455,0.311475409836066
"504",0.6,0.0869565217391304,0.0232558139534884
"505",0.614678899082569,0.142857142857143,-0.0769230769230769
"506",0.62962962962963,0.166666666666667,-0.111111111111111
"507",0.649484536082474,0.276595744680851,-0.0967741935483871
"508",0.68944099378882,0.333333333333333,0.0740740740740741
"509",0.541284403669725,0.411764705882353,-0.136363636363636
"510",0.571428571428571,0.4375,0.379310344827586
"511",NA,NA,NA
"512",NA,NA,NA
"513",NA,NA,NA
"514",NA,NA,NA
"515",NA,NA,NA
"516",NA,NA,NA
"517",NA,NA,NA
"518",NA,NA,NA
"519",NA,NA,NA
"520",0.352112676056338,0.465116279069767,0.710691823899371
"521",-0.463414634146341,0.491525423728814,0.842931937172775
"522",-0.241379310344828,0.55,0.868613138686131
"523",0.0810810810810811,0.0810810810810811,0.777777777777778
"524",0.05,-0.027027027027027,0.726618705035971
"525",-0.0526315789473684,-0.111111111111111,0.259259259259259
"526",0.476190476190476,-0.0731707317073171,0.333333333333333
"527",0.548387096774194,0.0454545454545455,0.288135593220339
"528",0.6,0.263157894736842,0.0454545454545455
"529",0.614678899082569,0.408450704225352,-0.0769230769230769
"530",0.565217391304348,0.473684210526316,-0.111111111111111
"531",0.647058823529412,0.470588235294118,-0.125
"532",0.651612903225806,0.530434782608696,0.0689655172413793
"533",0.230769230769231,0.6,-0.136363636363636
"534",0.555555555555556,0.523809523809524,0.393939393939394
"535",NA,NA,NA
"536",NA,NA,NA
"537",NA,NA,NA
"538",NA,NA,NA
"539",NA,NA,NA
"540",NA,NA,NA
"541",NA,NA,NA
"542",NA,NA,NA
"543",NA,NA,NA
"544",0.325,0.333333333333333,0.711229946524064
"545",-0.388888888888889,0.333333333333333,0.872773536895674
"546",-0.421052631578947,0.114754098360656,0.819397993311037
"547",-0.0588235294117647,0,0.777777777777778
"548",-0.0526315789473684,-0.0810810810810811,0.714285714285714
"549",-0.0769230769230769,-0.135135135135135,0.288135593220339
"550",0.476190476190476,-0.0476190476190476,0.266666666666667
"551",0.56701030927835,0.106382978723404,0.311475409836066
"552",0.614678899082569,0.236363636363636,0.0666666666666667
"553",0.614035087719298,0.405405405405405,-0.1
"554",0.628318584070796,0.493975903614458,-0.150684931506849
"555",0.6,0.580246913580247,-0.0967741935483871
"556",0.12280701754386,0.253731343283582,-0.0204081632653061
"557",0.2,0.538461538461538,-0.116279069767442
"558",0.574468085106383,0.534883720930233,0.428571428571429
"559",NA,NA,NA
"560",NA,NA,NA
"561",NA,NA,NA
"562",NA,NA,NA
"563",NA,NA,NA
"564",NA,NA,NA
"565",NA,NA,NA
"566",NA,NA,NA
"567",NA,NA,NA
"568",0.288888888888889,0.272727272727273,0.68
"569",-0.454545454545455,0.2,0.826086956521739
"570",-0.435897435897436,0.0967741935483871,0.813333333333333
"571",0.116279069767442,-0.027027027027027,0.766871165644172
"572",0.0909090909090909,-0.0810810810810811,0.722222222222222
"573",0,-0.150684931506849,0.333333333333333
"574",0.488372093023256,-0.128205128205128,0.371428571428571
"575",0.44,0.0869565217391304,0.373134328358209
"576",0.614678899082569,0.236363636363636,0.0869565217391304
"577",0.6,0.488372093023256,-0.0232558139534884
"578",0.584158415841584,0.454545454545455,-0.05
"579",0.254901960784314,0.506493506493506,-0.027027027027027
"580",0.684210526315789,0.622377622377622,0.114754098360656
"581",0.406593406593407,0.651612903225806,-0.0384615384615385
"582",0.547169811320755,0.52,0.384615384615385
"583",NA,NA,NA
"584",NA,NA,NA
"585",NA,NA,NA
"586",NA,NA,NA
"587",NA,NA,NA
"588",NA,NA,NA
"589",NA,NA,NA
"590",NA,NA,NA
"591",NA,NA,NA
"592",0.34020618556701,0.304347826086957,0.714285714285714
"593",-0.428571428571429,0.230769230769231,0.855072463768116
"594",-0.5,-0.227272727272727,0.651612903225806
"595",-0.15,-0.333333333333333,0.535353535353535
"596",-0.0232558139534884,-0.189189189189189,0.614035087719298
"597",0.0212765957446809,-0.179487179487179,0.386666666666667
"598",0.5,-0.0434782608695652,0.428571428571429
"599",0.543859649122807,0.087719298245614,0.380952380952381
"600",0.523809523809524,0.230769230769231,0.27536231884058
"601",0.688442211055276,0.540740740740741,0.333333333333333
"602",0.513513513513513,0.26027397260274,0.28
"603",0.68,0.636363636363636,0.157894736842105
"604",0.101449275362319,-0.0163934426229508,-0.24
"605",0.422222222222222,0.573770491803279,0.235294117647059
"606",0.550561797752809,0.487179487179487,0.365079365079365
"607",NA,NA,NA
"608",NA,NA,NA
"609",NA,NA,NA
"610",NA,NA,NA
"611",NA,NA,NA
"612",NA,NA,NA
"613",NA,NA,NA
"614",NA,NA,NA
"615",NA,NA,NA
"616",0.397590361445783,0.324324324324324,0.70414201183432
"617",-0.313432835820896,0.421052631578947,0.891625615763547
"618",-0.368421052631579,0.161290322580645,0.825503355704698
"619",0.481481481481481,0.548387096774194,0.925663716814159
"620",-0.0666666666666667,-0.142857142857143,0.684210526315789
"621",0.257142857142857,-0.209302325581395,0.212121212121212
"622",0.535353535353535,-0.0222222222222222,0.333333333333333
"623",0.584158415841584,0.0666666666666667,0.236363636363636
"624",0.614678899082569,0.192307692307692,0.0666666666666667
"625",0.628318584070796,0.333333333333333,-0.0769230769230769
"626",0.642857142857143,0.459459459459459,-0.126760563380282
"627",0.663366336633663,0.52112676056338,-0.0461538461538462
"628",0.658536585365854,0.517241379310345,0.0967741935483871
"629",0.61038961038961,0.589041095890411,0.032258064516129
"630",0.634408602150538,0.540540540540541,0.403508771929825
"631",NA,NA,NA
"632",NA,NA,NA
"633",NA,NA,NA
"634",NA,NA,NA
"635",NA,NA,NA
"636",NA,NA,NA
"637",NA,NA,NA
"638",NA,NA,NA
"639",NA,NA,NA
"640",0.281553398058252,0.252525252525253,0.639024390243902
"641",-0.724550898203593,-0.180327868852459,0.684210526315789
"642",-0.584905660377358,-0.105263157894737,0.732484076433121
"643",-0.157894736842105,-0.128205128205128,0.734939759036145
"644",0.0232558139534884,-0.105263157894737,0.702127659574468
"645",0,-0.135135135135135,0.353846153846154
"646",0.505882352941176,-0.05,0.311475409836066
"647",0.6,0.111111111111111,0.444444444444444
"648",0.657657657657658,0.283018867924528,0.155555555555556
"649",0.657657657657658,0.464788732394366,-0.027027027027027
"650",0.642857142857143,0.473684210526316,-0.111111111111111
"651",0.663366336633663,0.476923076923077,-0.0303030303030303
"652",0.651612903225806,0.513513513513513,0.0689655172413793
"653",0.377777777777778,0.588235294117647,-0.0181818181818182
"654",0.55,0.526315789473684,0.368421052631579
"655",NA,NA,NA
"656",NA,NA,NA
"657",NA,NA,NA
"658",NA,NA,NA
"659",NA,NA,NA
"660",NA,NA,NA
"661",NA,NA,NA
"662",NA,NA,NA
"663",NA,NA,NA
"664",0.285714285714286,0.252336448598131,0.655172413793103
"665",-0.6,0,0.769230769230769
"666",-0.488372093023256,0.0303030303030303,0.789473684210526
"667",-0.0731707317073171,-0.1,0.734939759036145
"668",0.125,-0.105263157894737,0.702127659574468
"669",1,1,1
"670",1,1,1
"671",1,1,1
"672",NA,NA,NA
"673",NA,NA,NA
"674",NA,NA,NA
"675",NA,NA,NA
"676",NA,NA,NA
"677",NA,NA,NA
"678",NA,NA,NA
"679",NA,NA,NA
"680",NA,NA,NA
"681",NA,NA,NA
"682",NA,NA,NA
"683",NA,NA,NA
"684",NA,NA,NA
"685",NA,NA,NA
"686",NA,NA,NA
"687",NA,NA,NA
"688",NA,NA,NA
"689",NA,NA,NA
"690",NA,NA,NA
"691",NA,NA,NA
"692",NA,NA,NA
"693",NA,NA,NA
"694",NA,NA,NA
"695",NA,NA,NA
"696",NA,NA,NA
"697",NA,NA,NA
"698",NA,NA,NA
"699",NA,NA,NA
"700",NA,NA,NA
"701",NA,NA,NA
"702",NA,NA,NA
"703",NA,NA,NA
"704",NA,NA,NA
"705",NA,NA,NA
"706",NA,NA,NA
"707",NA,NA,NA
"708",NA,NA,NA
"709",NA,NA,NA
"710",NA,NA,NA
"711",NA,NA,NA
"712",NA,NA,NA
"713",NA,NA,NA
"714",NA,NA,NA
"715",NA,NA,NA
"716",NA,NA,NA
"717",NA,NA,NA
"718",NA,NA,NA
"719",NA,NA,NA
"720",NA,NA,NA
"721",NA,NA,NA
"722",NA,NA,NA
"723",NA,NA,NA
"724",NA,NA,NA
"725",NA,NA,NA
"726",NA,NA,NA
"727",NA,NA,NA
"728",NA,NA,NA
"729",NA,NA,NA
"730",NA,NA,NA
"731",NA,NA,NA
"732",NA,NA,NA
"733",NA,NA,NA
"734",NA,NA,NA
"735",NA,NA,NA
"736",NA,NA,NA
"737",NA,NA,NA
"738",NA,NA,NA
"739",NA,NA,NA
"740",NA,NA,NA
"741",NA,NA,NA
"742",NA,NA,NA
"743",NA,NA,NA
"744",NA,NA,NA
"745",NA,NA,NA
"746",NA,NA,NA
"747",NA,NA,NA
"748",NA,NA,NA
"749",NA,NA,NA
"750",NA,NA,NA
"751",NA,NA,NA
"752",NA,NA,NA
"753",NA,NA,NA
"754",NA,NA,NA
"755",NA,NA,NA
"756",NA,NA,NA
"757",NA,NA,NA
"758",NA,NA,NA
"759",NA,NA,NA
"760",NA,NA,NA
"761",NA,NA,NA
"762",NA,NA,NA
"763",NA,NA,NA
"764",NA,NA,NA
"765",NA,NA,NA
"766",NA,NA,NA
"767",NA,NA,NA
"768",NA,NA,NA
"769",NA,NA,NA
"770",NA,NA,NA
"771",NA,NA,NA
"772",NA,NA,NA
"773",NA,NA,NA
"774",NA,NA,NA
"775",NA,NA,NA
"776",NA,NA,NA
"777",NA,NA,NA
"778",NA,NA,NA
"779",NA,NA,NA
"780",NA,NA,NA
"781",NA,NA,NA
"782",NA,NA,NA
"783",NA,NA,NA
"784",NA,NA,NA
"785",NA,NA,NA
"786",NA,NA,NA
"787",NA,NA,NA
"788",NA,NA,NA
"789",NA,NA,NA
"790",NA,NA,NA
"791",NA,NA,NA
"792",NA,NA,NA
"793",NA,NA,NA
"794",NA,NA,NA
"795",NA,NA,NA
"796",NA,NA,NA
"797",NA,NA,NA
"798",NA,NA,NA
"799",NA,NA,NA
"800",NA,NA,NA
"801",NA,NA,NA
"802",NA,NA,NA
"803",NA,NA,NA
"804",NA,NA,NA
"805",NA,NA,NA
"806",NA,NA,NA
"807",NA,NA,NA
"808",NA,NA,NA
"809",NA,NA,NA
"810",NA,NA,NA
"811",NA,NA,NA
"812",NA,NA,NA
"813",NA,NA,NA
"814",NA,NA,NA
"815",NA,NA,NA
"816",NA,NA,NA
"817",NA,NA,NA
"818",NA,NA,NA
"819",NA,NA,NA
"820",NA,NA,NA
"821",NA,NA,NA
"822",NA,NA,NA
"823",NA,NA,NA
"824",NA,NA,NA
"825",NA,NA,NA
"826",NA,NA,NA
"827",NA,NA,NA
"828",NA,NA,NA
"829",NA,NA,NA
"830",NA,NA,NA
"831",NA,NA,NA
"832",NA,NA,NA
"833",NA,NA,NA
"834",NA,NA,NA
"835",NA,NA,NA
"836",NA,NA,NA
"837",NA,NA,NA
"838",NA,NA,NA
"839",NA,NA,NA
"840",NA,NA,NA
"841",NA,NA,NA
"842",NA,NA,NA
"843",NA,NA,NA
"844",NA,NA,NA
"845",NA,NA,NA
"846",NA,NA,NA
"847",NA,NA,NA
"848",NA,NA,NA
"849",NA,NA,NA
"850",NA,NA,NA
"851",NA,NA,NA
"852",NA,NA,NA
"853",NA,NA,NA
"854",NA,NA,NA
"855",NA,NA,NA
"856",NA,NA,NA
"857",NA,NA,NA
"858",NA,NA,NA
"859",NA,NA,NA
"860",NA,NA,NA
"861",NA,NA,NA
"862",NA,NA,NA
"863",NA,NA,NA
"864",NA,NA,NA
"865",NA,NA,NA
"866",NA,NA,NA
"867",NA,NA,NA
"868",NA,NA,NA
"869",NA,NA,NA
"870",NA,NA,NA
"871",NA,NA,NA
"872",NA,NA,NA
"873",NA,NA,NA
"874",NA,NA,NA
"875",NA,NA,NA
"876",NA,NA,NA
"877",NA,NA,NA
"878",NA,NA,NA
"879",NA,NA,NA
"880",NA,NA,NA
"881",NA,NA,NA
"882",NA,NA,NA
"883",NA,NA,NA
"884",NA,NA,NA
"885",NA,NA,NA
"886",NA,NA,NA
"887",NA,NA,NA
"888",NA,NA,NA
"889",NA,NA,NA
"890",NA,NA,NA
"891",NA,NA,NA
"892",NA,NA,NA
"893",NA,NA,NA
"894",NA,NA,NA
"895",NA,NA,NA
"896",NA,NA,NA
"897",NA,NA,NA
"898",NA,NA,NA
"899",NA,NA,NA
"900",NA,NA,NA
"901",NA,NA,NA
"902",NA,NA,NA
"903",NA,NA,NA
"904",NA,NA,NA
"905",NA,NA,NA
"906",NA,NA,NA
"907",NA,NA,NA
"908",NA,NA,NA
"909",NA,NA,NA
"910",NA,NA,NA
"911",NA,NA,NA
"912",NA,NA,NA
"913",NA,NA,NA
"914",NA,NA,NA
"915",NA,NA,NA
"916",NA,NA,NA
"917",NA,NA,NA
"918",NA,NA,NA
"919",NA,NA,NA
"920",NA,NA,NA
"921",NA,NA,NA
"922",NA,NA,NA
"923",NA,NA,NA
"924",NA,NA,NA
"925",NA,NA,NA
"926",NA,NA,NA
"927",NA,NA,NA
"928",NA,NA,NA
"929",NA,NA,NA
"930",NA,NA,NA
"931",NA,NA,NA
"932",NA,NA,NA
"933",NA,NA,NA
"934",NA,NA,NA
"935",NA,NA,NA
"936",NA,NA,NA
"937",NA,NA,NA
"938",NA,NA,NA
"939",NA,NA,NA
"940",NA,NA,NA
"941",NA,NA,NA
"942",NA,NA,NA
"943",NA,NA,NA
"944",NA,NA,NA
"945",NA,NA,NA
"946",NA,NA,NA
"947",NA,NA,NA
"948",NA,NA,NA
"949",NA,NA,NA
"950",NA,NA,NA
"951",NA,NA,NA
"952",NA,NA,NA
"953",NA,NA,NA
"954",NA,NA,NA
"955",NA,NA,NA
"956",NA,NA,NA
"957",NA,NA,NA
"958",NA,NA,NA
"959",NA,NA,NA
"960",NA,NA,NA
"961",NA,NA,NA
"962",NA,NA,NA
"963",NA,NA,NA
"964",NA,NA,NA
"965",NA,NA,NA
"966",NA,NA,NA
"967",NA,NA,NA
"968",NA,NA,NA
"969",NA,NA,NA
"970",NA,NA,NA
"971",NA,NA,NA
"972",NA,NA,NA
"973",NA,NA,NA
"974",NA,NA,NA
"975",NA,NA,NA
"976",NA,NA,NA
"977",NA,NA,NA
"978",NA,NA,NA
"979",NA,NA,NA
"980",NA,NA,NA
"981",NA,NA,NA
"982",NA,NA,NA
"983",NA,NA,NA
"984",NA,NA,NA
"985",NA,NA,NA
"986",NA,NA,NA
"987",NA,NA,NA
"988",NA,NA,NA
"989",NA,NA,NA
"990",NA,NA,NA
"991",NA,NA,NA
"992",NA,NA,NA
"993",NA,NA,NA
"994",NA,NA,NA
"995",NA,NA,NA
"996",NA,NA,NA
"997",NA,NA,NA
"998",NA,NA,NA
"999",NA,NA,NA
"1000",NA,NA,NA
"1001",NA,NA,NA
"1002",NA,NA,NA
"1003",NA,NA,NA
"1004",NA,NA,NA
"1005",NA,NA,NA
"1006",NA,NA,NA
"1007",NA,NA,NA
"1008",NA,NA,NA
"1009",NA,NA,NA
"1010",NA,NA,NA
"1011",NA,NA,NA
"1012",NA,NA,NA
"1013",NA,NA,NA
"1014",NA,NA,NA
"1015",NA,NA,NA
"1016",NA,NA,NA
"1017",NA,NA,NA
"1018",NA,NA,NA
"1019",NA,NA,NA
"1020",NA,NA,NA
"1021",NA,NA,NA
"1022",NA,NA,NA
"1023",NA,NA,NA
"1024",NA,NA,NA
"1025",NA,NA,NA
"1026",NA,NA,NA
"1027",NA,NA,NA
"1028",NA,NA,NA
"1029",NA,NA,NA
"1030",NA,NA,NA
"1031",NA,NA,NA
"1032",NA,NA,NA
"1033",NA,NA,NA
"1034",NA,NA,NA
"1035",NA,NA,NA
"1036",NA,NA,NA
"1037",NA,NA,NA
"1038",NA,NA,NA
"1039",NA,NA,NA
"1040",NA,NA,NA
"1041",NA,NA,NA
"1042",NA,NA,NA
"1043",NA,NA,NA
"1044",NA,NA,NA
"1045",NA,NA,NA
"1046",NA,NA,NA
"1047",NA,NA,NA
"1048",NA,NA,NA
"1049",NA,NA,NA
"1050",NA,NA,NA
"1051",NA,NA,NA
"1052",NA,NA,NA
"1053",NA,NA,NA
"1054",NA,NA,NA
"1055",NA,NA,NA
"1056",NA,NA,NA
"1057",NA,NA,NA
"1058",NA,NA,NA
"1059",NA,NA,NA
"1060",NA,NA,NA
"1061",NA,NA,NA
"1062",NA,NA,NA
"1063",NA,NA,NA
"1064",NA,NA,NA
"1065",NA,NA,NA
"1066",NA,NA,NA
"1067",NA,NA,NA
"1068",NA,NA,NA
"1069",NA,NA,NA
"1070",NA,NA,NA
"1071",NA,NA,NA
"1072",NA,NA,NA
"1073",NA,NA,NA
"1074",NA,NA,NA
"1075",NA,NA,NA
"1076",NA,NA,NA
"1077",NA,NA,NA
"1078",NA,NA,NA
"1079",NA,NA,NA
"1080",NA,NA,NA
"1081",NA,NA,NA
"1082",NA,NA,NA
"1083",NA,NA,NA
"1084",NA,NA,NA
"1085",NA,NA,NA
"1086",NA,NA,NA
"1087",NA,NA,NA
"1088",NA,NA,NA
"1089",NA,NA,NA
"1090",NA,NA,NA
"1091",NA,NA,NA
"1092",NA,NA,NA
"1093",NA,NA,NA
"1094",NA,NA,NA
"1095",NA,NA,NA
"1096",NA,NA,NA
"1097",NA,NA,NA
"1098",NA,NA,NA
"1099",NA,NA,NA
"1100",NA,NA,NA
"1101",NA,NA,NA
"1102",NA,NA,NA
"1103",NA,NA,NA
"1104",NA,NA,NA
"1105",NA,NA,NA
"1106",NA,NA,NA
"1107",NA,NA,NA
"1108",NA,NA,NA
"1109",NA,NA,NA
"1110",NA,NA,NA
"1111",NA,NA,NA
"1112",NA,NA,NA
"1113",NA,NA,NA
"1114",NA,NA,NA
"1115",NA,NA,NA
"1116",NA,NA,NA
"1117",NA,NA,NA
"1118",NA,NA,NA
"1119",NA,NA,NA
"1120",NA,NA,NA
"1121",NA,NA,NA
"1122",NA,NA,NA
"1123",NA,NA,NA
"1124",NA,NA,NA
"1125",NA,NA,NA
"1126",NA,NA,NA
"1127",NA,NA,NA
"1128",NA,NA,NA
"1129",NA,NA,NA
"1130",NA,NA,NA
"1131",NA,NA,NA
"1132",NA,NA,NA
"1133",NA,NA,NA
"1134",NA,NA,NA
"1135",NA,NA,NA
"1136",NA,NA,NA
"1137",NA,NA,NA
"1138",NA,NA,NA
"1139",NA,NA,NA
"1140",NA,NA,NA
"1141",NA,NA,NA
"1142",NA,NA,NA
"1143",NA,NA,NA
"1144",NA,NA,NA
"1145",NA,NA,NA
"1146",NA,NA,NA
"1147",NA,NA,NA
"1148",NA,NA,NA
"1149",NA,NA,NA
"1150",NA,NA,NA
"1151",NA,NA,NA
"1152",NA,NA,NA
"1153",NA,NA,NA
"1154",NA,NA,NA
"1155",NA,NA,NA
"1156",NA,NA,NA
"1157",NA,NA,NA
"1158",NA,NA,NA
"1159",NA,NA,NA
"1160",NA,NA,NA
"1161",NA,NA,NA
"1162",NA,NA,NA
"1163",NA,NA,NA
"1164",NA,NA,NA
"1165",NA,NA,NA
"1166",NA,NA,NA
"1167",NA,NA,NA
"1168",NA,NA,NA
"1169",NA,NA,NA
"1170",NA,NA,NA
"1171",NA,NA,NA
"1172",NA,NA,NA
"1173",NA,NA,NA
"1174",NA,NA,NA
"1175",NA,NA,NA
"1176",NA,NA,NA
"1177",NA,NA,NA
"1178",NA,NA,NA
"1179",NA,NA,NA
"1180",NA,NA,NA
"1181",NA,NA,NA
"1182",NA,NA,NA
"1183",NA,NA,NA
"1184",NA,NA,NA
"1185",NA,NA,NA
"1186",NA,NA,NA
"1187",NA,NA,NA
"1188",NA,NA,NA
"1189",NA,NA,NA
"1190",NA,NA,NA
"1191",NA,NA,NA
"1192",NA,NA,NA
"1193",NA,NA,NA
"1194",NA,NA,NA
"1195",NA,NA,NA
"1196",NA,NA,NA
"1197",NA,NA,NA
"1198",NA,NA,NA
"1199",NA,NA,NA
"1200",NA,NA,NA
"1201",NA,NA,NA
"1202",NA,NA,NA
"1203",NA,NA,NA
"1204",NA,NA,NA
"1205",NA,NA,NA
"1206",NA,NA,NA
"1207",NA,NA,NA
"1208",NA,NA,NA
"1209",NA,NA,NA
"1210",NA,NA,NA
"1211",NA,NA,NA
"1212",NA,NA,NA
"1213",NA,NA,NA
"1214",NA,NA,NA
"1215",NA,NA,NA
"1216",NA,NA,NA
"1217",NA,NA,NA
"1218",NA,NA,NA
"1219",NA,NA,NA
"1220",NA,NA,NA
"1221",NA,NA,NA
"1222",NA,NA,NA
"1223",NA,NA,NA
"1224",NA,NA,NA
"1225",NA,NA,NA
"1226",NA,NA,NA
"1227",NA,NA,NA
"1228",NA,NA,NA
"1229",NA,NA,NA
"1230",NA,NA,NA
"1231",NA,NA,NA
"1232",NA,NA,NA
"1233",NA,NA,NA
"1234",NA,NA,NA
"1235",NA,NA,NA
"1236",NA,NA,NA
"1237",NA,NA,NA
"1238",NA,NA,NA
"1239",NA,NA,NA
"1240",NA,NA,NA
"1241",NA,NA,NA
"1242",NA,NA,NA
"1243",NA,NA,NA
"1244",NA,NA,NA
"1245",NA,NA,NA
"1246",NA,NA,NA
"1247",NA,NA,NA
"1248",NA,NA,NA
"1249",NA,NA,NA
"1250",NA,NA,NA
"1251",NA,NA,NA
"1252",NA,NA,NA
"1253",NA,NA,NA
"1254",NA,NA,NA
"1255",NA,NA,NA
"1256",NA,NA,NA
"1257",NA,NA,NA
"1258",NA,NA,NA
"1259",NA,NA,NA
"1260",NA,NA,NA
"1261",NA,NA,NA
"1262",NA,NA,NA
"1263",NA,NA,NA
"1264",NA,NA,NA
"1265",NA,NA,NA
"1266",NA,NA,NA
"1267",NA,NA,NA
"1268",NA,NA,NA
"1269",NA,NA,NA
"1270",NA,NA,NA
"1271",NA,NA,NA
"1272",NA,NA,NA
"1273",NA,NA,NA
"1274",NA,NA,NA
"1275",NA,NA,NA
"1276",NA,NA,NA
"1277",NA,NA,NA
"1278",NA,NA,NA
"1279",NA,NA,NA
"1280",NA,NA,NA
"1281",NA,NA,NA
"1282",NA,NA,NA
"1283",NA,NA,NA
"1284",NA,NA,NA
"1285",NA,NA,NA
"1286",NA,NA,NA
"1287",NA,NA,NA
"1288",NA,NA,NA
"1289",NA,NA,NA
"1290",NA,NA,NA
"1291",NA,NA,NA
"1292",NA,NA,NA
"1293",NA,NA,NA
"1294",NA,NA,NA
"1295",NA,NA,NA
"1296",NA,NA,NA
"1297",NA,NA,NA
"1298",NA,NA,NA
"1299",NA,NA,NA
"1300",NA,NA,NA
"1301",NA,NA,NA
"1302",NA,NA,NA
"1303",NA,NA,NA
"1304",NA,NA,NA
"1305",NA,NA,NA
"1306",NA,NA,NA
"1307",NA,NA,NA
"1308",NA,NA,NA
"1309",NA,NA,NA
"1310",NA,NA,NA
"1311",NA,NA,NA
"1312",NA,NA,NA
"1313",NA,NA,NA
"1314",NA,NA,NA
"1315",NA,NA,NA
"1316",NA,NA,NA
"1317",NA,NA,NA
"1318",NA,NA,NA
"1319",NA,NA,NA
"1320",NA,NA,NA
"1321",NA,NA,NA
"1322",NA,NA,NA
"1323",NA,NA,NA
"1324",NA,NA,NA
"1325",NA,NA,NA
"1326",NA,NA,NA
"1327",NA,NA,NA
"1328",NA,NA,NA
"1329",NA,NA,NA
"1330",NA,NA,NA
"1331",NA,NA,NA
"1332",NA,NA,NA
"1333",NA,NA,NA
"1334",NA,NA,NA
"1335",NA,NA,NA
"1336",NA,NA,NA
"1337",NA,NA,NA
"1338",NA,NA,NA
"1339",NA,NA,NA
"1340",NA,NA,NA
"1341",NA,NA,NA
"1342",NA,NA,NA
"1343",NA,NA,NA
"1344",NA,NA,NA
"1345",NA,NA,NA
"1346",NA,NA,NA
"1347",NA,NA,NA
"1348",NA,NA,NA
"1349",NA,NA,NA
"1350",NA,NA,NA
"1351",NA,NA,NA
"1352",NA,NA,NA
"1353",NA,NA,NA
"1354",NA,NA,NA
"1355",NA,NA,NA
"1356",NA,NA,NA
"1357",NA,NA,NA
"1358",NA,NA,NA
"1359",NA,NA,NA
"1360",NA,NA,NA
"1361",NA,NA,NA
"1362",NA,NA,NA
"1363",NA,NA,NA
"1364",NA,NA,NA
"1365",NA,NA,NA
"1366",NA,NA,NA
"1367",NA,NA,NA
"1368",NA,NA,NA
"1369",NA,NA,NA
"1370",NA,NA,NA
"1371",NA,NA,NA
"1372",NA,NA,NA
"1373",NA,NA,NA
"1374",NA,NA,NA
"1375",NA,NA,NA
"1376",NA,NA,NA
"1377",NA,NA,NA
"1378",NA,NA,NA
"1379",NA,NA,NA
"1380",NA,NA,NA
"1381",NA,NA,NA
"1382",NA,NA,NA
"1383",NA,NA,NA
"1384",NA,NA,NA
"1385",NA,NA,NA
"1386",NA,NA,NA
"1387",NA,NA,NA
"1388",NA,NA,NA
"1389",NA,NA,NA
"1390",NA,NA,NA
"1391",NA,NA,NA
"1392",NA,NA,NA
"1393",NA,NA,NA
"1394",NA,NA,NA
"1395",NA,NA,NA
"1396",NA,NA,NA
"1397",NA,NA,NA
"1398",NA,NA,NA
"1399",NA,NA,NA
"1400",NA,NA,NA
"1401",NA,NA,NA
"1402",NA,NA,NA
"1403",NA,NA,NA
"1404",NA,NA,NA
"1405",NA,NA,NA
"1406",NA,NA,NA
"1407",NA,NA,NA
"1408",NA,NA,NA
"1409",NA,NA,NA
"1410",NA,NA,NA
"1411",NA,NA,NA
"1412",NA,NA,NA
"1413",NA,NA,NA
"1414",NA,NA,NA
"1415",NA,NA,NA
"1416",NA,NA,NA
"1417",NA,NA,NA
"1418",NA,NA,NA
"1419",NA,NA,NA
"1420",NA,NA,NA
"1421",NA,NA,NA
"1422",NA,NA,NA
"1423",NA,NA,NA
"1424",NA,NA,NA
"1425",NA,NA,NA
"1426",NA,NA,NA
"1427",NA,NA,NA
"1428",NA,NA,NA
"1429",NA,NA,NA
"1430",NA,NA,NA
"1431",NA,NA,NA
"1432",NA,NA,NA
"1433",NA,NA,NA
"1434",NA,NA,NA
"1435",NA,NA,NA
"1436",NA,NA,NA
"1437",NA,NA,NA
"1438",NA,NA,NA
"1439",NA,NA,NA
"1440",NA,NA,NA
"1441",NA,NA,NA
"1442",NA,NA,NA
"1443",NA,NA,NA
"1444",NA,NA,NA
"1445",NA,NA,NA
"1446",NA,NA,NA
"1447",NA,NA,NA
"1448",NA,NA,NA
"1449",NA,NA,NA
"1450",NA,NA,NA
"1451",NA,NA,NA
"1452",NA,NA,NA
"1453",NA,NA,NA
"1454",NA,NA,NA
"1455",NA,NA,NA
"1456",NA,NA,NA
"1457",NA,NA,NA
"1458",NA,NA,NA
"1459",NA,NA,NA
"1460",NA,NA,NA
"1461",NA,NA,NA
"1462",NA,NA,NA
"1463",NA,NA,NA
"1464",NA,NA,NA
"1465",NA,NA,NA
"1466",NA,NA,NA
"1467",NA,NA,NA
"1468",NA,NA,NA
"1469",NA,NA,NA
"1470",NA,NA,NA
"1471",NA,NA,NA
"1472",NA,NA,NA
"1473",NA,NA,NA
"1474",NA,NA,NA
"1475",NA,NA,NA
"1476",NA,NA,NA
"1477",NA,NA,NA
"1478",NA,NA,NA
"1479",NA,NA,NA
"1480",NA,NA,NA
"1481",NA,NA,NA
"1482",NA,NA,NA
"1483",NA,NA,NA
"1484",NA,NA,NA
"1485",NA,NA,NA
"1486",NA,NA,NA
"1487",NA,NA,NA
"1488",NA,NA,NA
"1489",NA,NA,NA
"1490",NA,NA,NA
"1491",NA,NA,NA
"1492",NA,NA,NA
"1493",NA,NA,NA
"1494",NA,NA,NA
"1495",NA,NA,NA
"1496",NA,NA,NA
"1497",NA,NA,NA
"1498",NA,NA,NA
"1499",NA,NA,NA
"1500",NA,NA,NA
"1501",NA,NA,NA
"1502",NA,NA,NA
"1503",NA,NA,NA
"1504",NA,NA,NA
"1505",NA,NA,NA
"1506",NA,NA,NA
"1507",NA,NA,NA
"1508",NA,NA,NA
"1509",NA,NA,NA
"1510",NA,NA,NA
"1511",NA,NA,NA
"1512",NA,NA,NA
"1513",NA,NA,NA
"1514",NA,NA,NA
"1515",NA,NA,NA
"1516",NA,NA,NA
"1517",NA,NA,NA
"1518",NA,NA,NA
"1519",NA,NA,NA
"1520",NA,NA,NA
"1521",NA,NA,NA
"1522",NA,NA,NA
"1523",NA,NA,NA
"1524",NA,NA,NA
"1525",NA,NA,NA
"1526",NA,NA,NA
"1527",NA,NA,NA
"1528",NA,NA,NA
"1529",NA,NA,NA
"1530",NA,NA,NA
"1531",NA,NA,NA
"1532",NA,NA,NA
"1533",NA,NA,NA
"1534",NA,NA,NA
"1535",NA,NA,NA
"1536",NA,NA,NA
"1537",NA,NA,NA
"1538",NA,NA,NA
"1539",NA,NA,NA
"1540",NA,NA,NA
"1541",NA,NA,NA
"1542",NA,NA,NA
"1543",NA,NA,NA
"1544",NA,NA,NA
"1545",NA,NA,NA
"1546",NA,NA,NA
"1547",NA,NA,NA
"1548",NA,NA,NA
"1549",NA,NA,NA
"1550",NA,NA,NA
"1551",NA,NA,NA
"1552",NA,NA,NA
"1553",NA,NA,NA
"1554",NA,NA,NA
"1555",NA,NA,NA
"1556",NA,NA,NA
"1557",NA,NA,NA
"1558",NA,NA,NA
"1559",NA,NA,NA
"1560",NA,NA,NA
"1561",NA,NA,NA
"1562",NA,NA,NA
"1563",NA,NA,NA
"1564",NA,NA,NA
"1565",NA,NA,NA
"1566",NA,NA,NA
"1567",NA,NA,NA
"1568",NA,NA,NA
"1569",NA,NA,NA
"1570",NA,NA,NA
"1571",NA,NA,NA
"1572",NA,NA,NA
"1573",NA,NA,NA
"1574",NA,NA,NA
"1575",NA,NA,NA
"1576",NA,NA,NA
"1577",NA,NA,NA
"1578",NA,NA,NA
"1579",NA,NA,NA
"1580",NA,NA,NA
"1581",NA,NA,NA
"1582",NA,NA,NA
"1583",NA,NA,NA
"1584",NA,NA,NA
"1585",NA,NA,NA
"1586",NA,NA,NA
"1587",NA,NA,NA
"1588",NA,NA,NA
"1589",NA,NA,NA
"1590",NA,NA,NA
"1591",NA,NA,NA
"1592",NA,NA,NA
"1593",NA,NA,NA
"1594",NA,NA,NA
"1595",NA,NA,NA
"1596",NA,NA,NA
"1597",NA,NA,NA
"1598",NA,NA,NA
"1599",NA,NA,NA
"1600",NA,NA,NA
"1601",NA,NA,NA
"1602",NA,NA,NA
"1603",NA,NA,NA
"1604",NA,NA,NA
"1605",NA,NA,NA
"1606",NA,NA,NA
"1607",NA,NA,NA
"1608",NA,NA,NA
"1609",NA,NA,NA
"1610",NA,NA,NA
"1611",NA,NA,NA
"1612",NA,NA,NA
"1613",NA,NA,NA
"1614",NA,NA,NA
"1615",NA,NA,NA
"1616",NA,NA,NA
"1617",NA,NA,NA
"1618",NA,NA,NA
"1619",NA,NA,NA
"1620",NA,NA,NA
"1621",NA,NA,NA
"1622",NA,NA,NA
"1623",NA,NA,NA
"1624",NA,NA,NA
"1625",NA,NA,NA
"1626",NA,NA,NA
"1627",NA,NA,NA
"1628",NA,NA,NA
"1629",NA,NA,NA
"1630",NA,NA,NA
"1631",NA,NA,NA
"1632",NA,NA,NA
"1633",NA,NA,NA
"1634",NA,NA,NA
"1635",NA,NA,NA
"1636",NA,NA,NA
"1637",NA,NA,NA
"1638",NA,NA,NA
"1639",NA,NA,NA
"1640",NA,NA,NA
"1641",NA,NA,NA
"1642",NA,NA,NA
"1643",NA,NA,NA
"1644",NA,NA,NA
"1645",NA,NA,NA
"1646",NA,NA,NA
"1647",NA,NA,NA
"1648",NA,NA,NA
"1649",NA,NA,NA
"1650",NA,NA,NA
"1651",NA,NA,NA
"1652",NA,NA,NA
"1653",NA,NA,NA
"1654",NA,NA,NA
"1655",NA,NA,NA
"1656",NA,NA,NA
"1657",NA,NA,NA
"1658",NA,NA,NA
"1659",NA,NA,NA
"1660",NA,NA,NA
"1661",NA,NA,NA
"1662",NA,NA,NA
"1663",NA,NA,NA
"1664",NA,NA,NA
"1665",NA,NA,NA
"1666",NA,NA,NA
"1667",NA,NA,NA
"1668",NA,NA,NA
"1669",NA,NA,NA
"1670",NA,NA,NA
"1671",NA,NA,NA
"1672",NA,NA,NA
"1673",NA,NA,NA
"1674",NA,NA,NA
"1675",NA,NA,NA
"1676",NA,NA,NA
"1677",NA,NA,NA
"1678",NA,NA,NA
"1679",NA,NA,NA
"1680",NA,NA,NA
"1681",NA,NA,NA
"1682",NA,NA,NA
"1683",NA,NA,NA
"1684",NA,NA,NA
"1685",NA,NA,NA
"1686",NA,NA,NA
"1687",NA,NA,NA
"1688",NA,NA,NA
"1689",NA,NA,NA
"1690",NA,NA,NA
"1691",NA,NA,NA
"1692",NA,NA,NA
"1693",NA,NA,NA
"1694",NA,NA,NA
"1695",NA,NA,NA
"1696",NA,NA,NA
"1697",NA,NA,NA
"1698",NA,NA,NA
"1699",NA,NA,NA
"1700",NA,NA,NA
"1701",NA,NA,NA
"1702",NA,NA,NA
"1703",NA,NA,NA
"1704",NA,NA,NA
"1705",NA,NA,NA
"1706",NA,NA,NA
"1707",NA,NA,NA
"1708",NA,NA,NA
"1709",NA,NA,NA
"1710",NA,NA,NA
"1711",NA,NA,NA
"1712",NA,NA,NA
"1713",NA,NA,NA
"1714",NA,NA,NA
"1715",NA,NA,NA
"1716",NA,NA,NA
"1717",NA,NA,NA
"1718",NA,NA,NA
"1719",NA,NA,NA
"1720",NA,NA,NA
"1721",NA,NA,NA
"1722",NA,NA,NA
"1723",NA,NA,NA
"1724",NA,NA,NA
"1725",NA,NA,NA
"1726",NA,NA,NA
"1727",NA,NA,NA
"1728",NA,NA,NA
"1729",NA,NA,NA
"1730",NA,NA,NA
"1731",NA,NA,NA
"1732",NA,NA,NA
"1733",NA,NA,NA
"1734",NA,NA,NA
"1735",NA,NA,NA
"1736",NA,NA,NA
"1737",NA,NA,NA
"1738",NA,NA,NA
"1739",NA,NA,NA
"1740",NA,NA,NA
"1741",NA,NA,NA
"1742",NA,NA,NA
"1743",NA,NA,NA
"1744",NA,NA,NA
"1745",NA,NA,NA
"1746",NA,NA,NA
"1747",NA,NA,NA
"1748",NA,NA,NA
"1749",NA,NA,NA
"1750",NA,NA,NA
"1751",NA,NA,NA
"1752",NA,NA,NA
"1753",NA,NA,NA
"1754",NA,NA,NA
"1755",NA,NA,NA
"1756",NA,NA,NA
"1757",NA,NA,NA
"1758",NA,NA,NA
"1759",NA,NA,NA
"1760",NA,NA,NA
"1761",NA,NA,NA
"1762",NA,NA,NA
"1763",NA,NA,NA
"1764",NA,NA,NA
"1765",NA,NA,NA
"1766",NA,NA,NA
"1767",NA,NA,NA
"1768",NA,NA,NA
"1769",NA,NA,NA
"1770",NA,NA,NA
"1771",NA,NA,NA
"1772",NA,NA,NA
"1773",NA,NA,NA
"1774",NA,NA,NA
"1775",NA,NA,NA
"1776",NA,NA,NA
"1777",NA,NA,NA
"1778",NA,NA,NA
"1779",NA,NA,NA
"1780",NA,NA,NA
"1781",NA,NA,NA
"1782",NA,NA,NA
"1783",NA,NA,NA
"1784",NA,NA,NA
"1785",NA,NA,NA
"1786",NA,NA,NA
"1787",NA,NA,NA
"1788",NA,NA,NA
"1789",NA,NA,NA
"1790",NA,NA,NA
"1791",NA,NA,NA
"1792",NA,NA,NA
"1793",NA,NA,NA
"1794",NA,NA,NA
"1795",NA,NA,NA
"1796",NA,NA,NA
"1797",NA,NA,NA
"1798",NA,NA,NA
"1799",NA,NA,NA
"1800",NA,NA,NA
"1801",NA,NA,NA
"1802",NA,NA,NA
"1803",NA,NA,NA
"1804",NA,NA,NA
"1805",NA,NA,NA
"1806",NA,NA,NA
"1807",NA,NA,NA
"1808",NA,NA,NA
"1809",NA,NA,NA
"1810",NA,NA,NA
"1811",NA,NA,NA
"1812",NA,NA,NA
"1813",NA,NA,NA
"1814",NA,NA,NA
"1815",NA,NA,NA
"1816",NA,NA,NA
"1817",NA,NA,NA
"1818",NA,NA,NA
"1819",NA,NA,NA
"1820",NA,NA,NA
"1821",NA,NA,NA
"1822",NA,NA,NA
"1823",NA,NA,NA
"1824",NA,NA,NA
"1825",NA,NA,NA
"1826",NA,NA,NA
"1827",NA,NA,NA
"1828",NA,NA,NA
"1829",NA,NA,NA
"1830",NA,NA,NA
"1831",NA,NA,NA
"1832",NA,NA,NA
"1833",NA,NA,NA
"1834",NA,NA,NA
"1835",NA,NA,NA
"1836",NA,NA,NA
"1837",NA,NA,NA
"1838",NA,NA,NA
"1839",NA,NA,NA
"1840",NA,NA,NA
"1841",NA,NA,NA
"1842",NA,NA,NA
"1843",NA,NA,NA
"1844",NA,NA,NA
"1845",NA,NA,NA
"1846",NA,NA,NA
"1847",NA,NA,NA
"1848",NA,NA,NA
"1849",NA,NA,NA
"1850",NA,NA,NA
"1851",NA,NA,NA
"1852",NA,NA,NA
"1853",NA,NA,NA
"1854",NA,NA,NA
"1855",NA,NA,NA
"1856",NA,NA,NA
"1857",NA,NA,NA
"1858",NA,NA,NA
"1859",NA,NA,NA
"1860",NA,NA,NA
"1861",NA,NA,NA
"1862",NA,NA,NA
"1863",NA,NA,NA
"1864",NA,NA,NA
"1865",NA,NA,NA
"1866",NA,NA,NA
"1867",NA,NA,NA
"1868",NA,NA,NA
"1869",NA,NA,NA
"1870",NA,NA,NA
"1871",NA,NA,NA
"1872",NA,NA,NA
"1873",NA,NA,NA
"1874",NA,NA,NA
"1875",NA,NA,NA
"1876",NA,NA,NA
"1877",NA,NA,NA
"1878",NA,NA,NA
"1879",NA,NA,NA
"1880",NA,NA,NA
"1881",NA,NA,NA
"1882",NA,NA,NA
"1883",NA,NA,NA
"1884",NA,NA,NA
"1885",NA,NA,NA
"1886",NA,NA,NA
"1887",NA,NA,NA
"1888",NA,NA,NA
"1889",NA,NA,NA
"1890",NA,NA,NA
"1891",NA,NA,NA
"1892",NA,NA,NA
"1893",NA,NA,NA
"1894",NA,NA,NA
"1895",NA,NA,NA
"1896",NA,NA,NA
"1897",NA,NA,NA
"1898",NA,NA,NA
"1899",NA,NA,NA
"1900",NA,NA,NA
"1901",NA,NA,NA
"1902",NA,NA,NA
"1903",NA,NA,NA
"1904",NA,NA,NA
"1905",NA,NA,NA
"1906",NA,NA,NA
"1907",NA,NA,NA
"1908",NA,NA,NA
"1909",NA,NA,NA
"1910",NA,NA,NA
"1911",NA,NA,NA
"1912",NA,NA,NA
"1913",NA,NA,NA
"1914",NA,NA,NA
"1915",NA,NA,NA
"1916",NA,NA,NA
"1917",NA,NA,NA
"1918",NA,NA,NA
"1919",NA,NA,NA
"1920",NA,NA,NA
"1921",NA,NA,NA
"1922",NA,NA,NA
"1923",NA,NA,NA
"1924",NA,NA,NA
"1925",NA,NA,NA
"1926",NA,NA,NA
"1927",NA,NA,NA
"1928",NA,NA,NA
"1929",NA,NA,NA
"1930",NA,NA,NA
"1931",NA,NA,NA
"1932",NA,NA,NA
"1933",NA,NA,NA
"1934",NA,NA,NA
"1935",NA,NA,NA
"1936",NA,NA,NA
"1937",NA,NA,NA
"1938",NA,NA,NA
"1939",NA,NA,NA
"1940",NA,NA,NA
"1941",NA,NA,NA
"1942",NA,NA,NA
"1943",NA,NA,NA
"1944",NA,NA,NA
"1945",NA,NA,NA
"1946",NA,NA,NA
"1947",NA,NA,NA
"1948",NA,NA,NA
"1949",NA,NA,NA
"1950",NA,NA,NA
"1951",NA,NA,NA
"1952",NA,NA,NA
"1953",NA,NA,NA
"1954",NA,NA,NA
"1955",NA,NA,NA
"1956",NA,NA,NA
"1957",NA,NA,NA
"1958",NA,NA,NA
"1959",NA,NA,NA
"1960",NA,NA,NA
"1961",NA,NA,NA
"1962",NA,NA,NA
"1963",NA,NA,NA
"1964",NA,NA,NA
"1965",NA,NA,NA
"1966",NA,NA,NA
"1967",NA,NA,NA
"1968",NA,NA,NA
"1969",NA,NA,NA
"1970",NA,NA,NA
"1971",NA,NA,NA
"1972",NA,NA,NA
"1973",NA,NA,NA
"1974",NA,NA,NA
"1975",NA,NA,NA
"1976",NA,NA,NA
"1977",NA,NA,NA
"1978",NA,NA,NA
"1979",NA,NA,NA
"1980",NA,NA,NA
"1981",NA,NA,NA
"1982",NA,NA,NA
"1983",NA,NA,NA
"1984",NA,NA,NA
"1985",NA,NA,NA
"1986",NA,NA,NA
"1987",NA,NA,NA
"1988",NA,NA,NA
"1989",NA,NA,NA
"1990",NA,NA,NA
"1991",NA,NA,NA
"1992",NA,NA,NA
"1993",NA,NA,NA
"1994",NA,NA,NA
"1995",NA,NA,NA
"1996",NA,NA,NA
"1997",NA,NA,NA
"1998",NA,NA,NA
"1999",NA,NA,NA
"2000",NA,NA,NA
"2001",NA,NA,NA
"2002",NA,NA,NA
"2003",NA,NA,NA
"2004",NA,NA,NA
"2005",NA,NA,NA
"2006",NA,NA,NA
"2007",NA,NA,NA
"2008",NA,NA,NA
"2009",NA,NA,NA
"2010",NA,NA,NA
"2011",NA,NA,NA
"2012",NA,NA,NA
"2013",NA,NA,NA
"2014",NA,NA,NA
"2015",NA,NA,NA
"2016",NA,NA,NA
"2017",NA,NA,NA
"2018",NA,NA,NA
"2019",NA,NA,NA
"2020",NA,NA,NA
"2021",NA,NA,NA
"2022",NA,NA,NA
"2023",NA,NA,NA
"2024",NA,NA,NA
"2025",NA,NA,NA
"2026",NA,NA,NA
"2027",NA,NA,NA
"2028",NA,NA,NA
"2029",NA,NA,NA
"2030",NA,NA,NA
"2031",NA,NA,NA
"2032",NA,NA,NA
"2033",NA,NA,NA
"2034",NA,NA,NA
"2035",NA,NA,NA
"2036",NA,NA,NA
"2037",NA,NA,NA
"2038",NA,NA,NA
"2039",NA,NA,NA
"2040",NA,NA,NA
"2041",NA,NA,NA
"2042",NA,NA,NA
"2043",NA,NA,NA
"2044",NA,NA,NA
"2045",NA,NA,NA
"2046",NA,NA,NA
"2047",NA,NA,NA
"2048",NA,NA,NA
"2049",NA,NA,NA
"2050",NA,NA,NA
"2051",NA,NA,NA
"2052",NA,NA,NA
"2053",NA,NA,NA
"2054",NA,NA,NA
"2055",NA,NA,NA
"2056",NA,NA,NA
"2057",NA,NA,NA
"2058",NA,NA,NA
"2059",NA,NA,NA
"2060",NA,NA,NA
"2061",NA,NA,NA
"2062",NA,NA,NA
"2063",NA,NA,NA
"2064",NA,NA,NA
"2065",NA,NA,NA
"2066",NA,NA,NA
"2067",NA,NA,NA
"2068",NA,NA,NA
"2069",NA,NA,NA
"2070",NA,NA,NA
"2071",NA,NA,NA
"2072",NA,NA,NA
"2073",NA,NA,NA
"2074",NA,NA,NA
"2075",NA,NA,NA
"2076",NA,NA,NA
"2077",NA,NA,NA
"2078",NA,NA,NA
"2079",NA,NA,NA
"2080",NA,NA,NA
"2081",NA,NA,NA
"2082",NA,NA,NA
"2083",NA,NA,NA
"2084",NA,NA,NA
"2085",NA,NA,NA
"2086",NA,NA,NA
"2087",NA,NA,NA
"2088",NA,NA,NA
"2089",NA,NA,NA
"2090",NA,NA,NA
"2091",NA,NA,NA
"2092",NA,NA,NA
"2093",NA,NA,NA
"2094",NA,NA,NA
"2095",NA,NA,NA
"2096",NA,NA,NA
"2097",NA,NA,NA
"2098",NA,NA,NA
"2099",NA,NA,NA
"2100",NA,NA,NA
"2101",NA,NA,NA
"2102",NA,NA,NA
"2103",NA,NA,NA
"2104",NA,NA,NA
"2105",NA,NA,NA
"2106",NA,NA,NA
"2107",NA,NA,NA
"2108",NA,NA,NA
"2109",NA,NA,NA
"2110",NA,NA,NA
"2111",NA,NA,NA
"2112",NA,NA,NA
"2113",NA,NA,NA
"2114",NA,NA,NA
"2115",NA,NA,NA
"2116",NA,NA,NA
"2117",NA,NA,NA
"2118",NA,NA,NA
"2119",NA,NA,NA
"2120",NA,NA,NA
"2121",NA,NA,NA
"2122",NA,NA,NA
"2123",NA,NA,NA
"2124",NA,NA,NA
"2125",NA,NA,NA
"2126",NA,NA,NA
"2127",NA,NA,NA
"2128",NA,NA,NA
"2129",NA,NA,NA
"2130",NA,NA,NA
"2131",NA,NA,NA
"2132",NA,NA,NA
"2133",NA,NA,NA
"2134",NA,NA,NA
"2135",NA,NA,NA
"2136",NA,NA,NA
"2137",NA,NA,NA
"2138",NA,NA,NA
"2139",NA,NA,NA
"2140",NA,NA,NA
"2141",NA,NA,NA
"2142",NA,NA,NA
"2143",NA,NA,NA
"2144",NA,NA,NA
"2145",NA,NA,NA
"2146",NA,NA,NA
"2147",NA,NA,NA
"2148",NA,NA,NA
"2149",NA,NA,NA
"2150",NA,NA,NA
"2151",NA,NA,NA
"2152",NA,NA,NA
"2153",NA,NA,NA
"2154",NA,NA,NA
"2155",NA,NA,NA
"2156",NA,NA,NA
"2157",NA,NA,NA
"2158",NA,NA,NA
"2159",NA,NA,NA
"2160",NA,NA,NA
"2161",NA,NA,NA
"2162",NA,NA,NA
"2163",NA,NA,NA
"2164",NA,NA,NA
"2165",NA,NA,NA
"2166",NA,NA,NA
"2167",NA,NA,NA
"2168",NA,NA,NA
"2169",NA,NA,NA
"2170",NA,NA,NA
"2171",NA,NA,NA
"2172",NA,NA,NA
"2173",NA,NA,NA
"2174",NA,NA,NA
"2175",NA,NA,NA
"2176",NA,NA,NA
"2177",NA,NA,NA
"2178",NA,NA,NA
"2179",NA,NA,NA
"2180",NA,NA,NA
"2181",NA,NA,NA
"2182",NA,NA,NA
"2183",NA,NA,NA
"2184",NA,NA,NA
"2185",NA,NA,NA
"2186",NA,NA,NA
"2187",NA,NA,NA
"2188",NA,NA,NA
"2189",NA,NA,NA
"2190",NA,NA,NA
"2191",NA,NA,NA
"2192",NA,NA,NA
"2193",NA,NA,NA
"2194",NA,NA,NA
"2195",NA,NA,NA
"2196",NA,NA,NA
"2197",NA,NA,NA
"2198",NA,NA,NA
"2199",NA,NA,NA
"2200",NA,NA,NA
"2201",NA,NA,NA
"2202",NA,NA,NA
"2203",NA,NA,NA
"2204",NA,NA,NA
"2205",NA,NA,NA
"2206",NA,NA,NA
"2207",NA,NA,NA
"2208",NA,NA,NA
"2209",NA,NA,NA
"2210",NA,NA,NA
"2211",NA,NA,NA
"2212",NA,NA,NA
"2213",NA,NA,NA
"2214",NA,NA,NA
"2215",NA,NA,NA
"2216",NA,NA,NA
"2217",NA,NA,NA
"2218",NA,NA,NA
"2219",NA,NA,NA
"2220",NA,NA,NA
"2221",NA,NA,NA
"2222",NA,NA,NA
"2223",NA,NA,NA
"2224",NA,NA,NA
"2225",NA,NA,NA
"2226",NA,NA,NA
"2227",NA,NA,NA
"2228",NA,NA,NA
"2229",NA,NA,NA
"2230",NA,NA,NA
"2231",NA,NA,NA
"2232",NA,NA,NA
"2233",NA,NA,NA
"2234",NA,NA,NA
"2235",NA,NA,NA
"2236",NA,NA,NA
"2237",NA,NA,NA
"2238",NA,NA,NA
"2239",NA,NA,NA
"2240",NA,NA,NA
"2241",NA,NA,NA
"2242",NA,NA,NA
"2243",NA,NA,NA
"2244",NA,NA,NA
"2245",NA,NA,NA
"2246",NA,NA,NA
"2247",NA,NA,NA
"2248",NA,NA,NA
"2249",NA,NA,NA
"2250",NA,NA,NA
"2251",NA,NA,NA
"2252",NA,NA,NA
"2253",NA,NA,NA
"2254",NA,NA,NA
"2255",NA,NA,NA
"2256",NA,NA,NA
"2257",NA,NA,NA
"2258",NA,NA,NA
"2259",NA,NA,NA
"2260",NA,NA,NA
"2261",NA,NA,NA
"2262",NA,NA,NA
"2263",NA,NA,NA
"2264",NA,NA,NA
"2265",NA,NA,NA
"2266",NA,NA,NA
"2267",NA,NA,NA
"2268",NA,NA,NA
"2269",NA,NA,NA
"2270",NA,NA,NA
"2271",NA,NA,NA
"2272",NA,NA,NA
"2273",NA,NA,NA
"2274",NA,NA,NA
"2275",NA,NA,NA
"2276",NA,NA,NA
"2277",NA,NA,NA
"2278",NA,NA,NA
"2279",NA,NA,NA
"2280",NA,NA,NA
"2281",NA,NA,NA
"2282",NA,NA,NA
"2283",NA,NA,NA
"2284",NA,NA,NA
"2285",NA,NA,NA
"2286",NA,NA,NA
"2287",NA,NA,NA
"2288",NA,NA,NA
"2289",NA,NA,NA
"2290",NA,NA,NA
"2291",NA,NA,NA
"2292",NA,NA,NA
"2293",NA,NA,NA
"2294",NA,NA,NA
"2295",NA,NA,NA
"2296",NA,NA,NA
"2297",NA,NA,NA
"2298",NA,NA,NA
"2299",NA,NA,NA
"2300",NA,NA,NA
"2301",NA,NA,NA
"2302",NA,NA,NA
"2303",NA,NA,NA
"2304",NA,NA,NA
"2305",NA,NA,NA
"2306",NA,NA,NA
"2307",NA,NA,NA
"2308",NA,NA,NA
"2309",NA,NA,NA
"2310",NA,NA,NA
"2311",NA,NA,NA
"2312",NA,NA,NA
"2313",NA,NA,NA
"2314",NA,NA,NA
"2315",NA,NA,NA
"2316",NA,NA,NA
"2317",NA,NA,NA
"2318",NA,NA,NA
"2319",NA,NA,NA
"2320",NA,NA,NA
"2321",NA,NA,NA
"2322",NA,NA,NA
"2323",NA,NA,NA
"2324",NA,NA,NA
"2325",NA,NA,NA
"2326",NA,NA,NA
"2327",NA,NA,NA
"2328",NA,NA,NA
"2329",NA,NA,NA
"2330",NA,NA,NA
"2331",NA,NA,NA
"2332",NA,NA,NA
"2333",NA,NA,NA
"2334",NA,NA,NA
"2335",NA,NA,NA
"2336",NA,NA,NA
"2337",NA,NA,NA
"2338",NA,NA,NA
"2339",NA,NA,NA
"2340",NA,NA,NA
"2341",NA,NA,NA
"2342",NA,NA,NA
"2343",NA,NA,NA
"2344",NA,NA,NA
"2345",NA,NA,NA
"2346",NA,NA,NA
"2347",NA,NA,NA
"2348",NA,NA,NA
"2349",NA,NA,NA
"2350",NA,NA,NA
"2351",NA,NA,NA
"2352",NA,NA,NA
"2353",NA,NA,NA
"2354",NA,NA,NA
"2355",NA,NA,NA
"2356",NA,NA,NA
"2357",NA,NA,NA
"2358",NA,NA,NA
"2359",NA,NA,NA
"2360",NA,NA,NA
"2361",NA,NA,NA
"2362",NA,NA,NA
"2363",NA,NA,NA
"2364",NA,NA,NA
"2365",NA,NA,NA
"2366",NA,NA,NA
"2367",NA,NA,NA
"2368",NA,NA,NA
"2369",NA,NA,NA
"2370",NA,NA,NA
"2371",NA,NA,NA
"2372",NA,NA,NA
"2373",NA,NA,NA
"2374",NA,NA,NA
"2375",NA,NA,NA
"2376",NA,NA,NA
"2377",NA,NA,NA
"2378",NA,NA,NA
"2379",NA,NA,NA
"2380",NA,NA,NA
"2381",NA,NA,NA
"2382",NA,NA,NA
"2383",NA,NA,NA
"2384",NA,NA,NA
"2385",NA,NA,NA
"2386",NA,NA,NA
"2387",NA,NA,NA
"2388",NA,NA,NA
"2389",NA,NA,NA
"2390",NA,NA,NA
"2391",NA,NA,NA
"2392",NA,NA,NA
"2393",NA,NA,NA
"2394",NA,NA,NA
"2395",NA,NA,NA
"2396",NA,NA,NA
"2397",NA,NA,NA
"2398",NA,NA,NA
"2399",NA,NA,NA
"2400",NA,NA,NA
"2401",NA,NA,NA
"2402",NA,NA,NA
"2403",NA,NA,NA
"2404",NA,NA,NA
"2405",NA,NA,NA
"2406",NA,NA,NA
"2407",NA,NA,NA
"2408",NA,NA,NA
"2409",NA,NA,NA
"2410",NA,NA,NA
"2411",NA,NA,NA
"2412",NA,NA,NA
"2413",NA,NA,NA
"2414",NA,NA,NA
"2415",NA,NA,NA
"2416",NA,NA,NA
"2417",NA,NA,NA
"2418",NA,NA,NA
"2419",NA,NA,NA
"2420",NA,NA,NA
"2421",NA,NA,NA
"2422",NA,NA,NA
"2423",NA,NA,NA
"2424",NA,NA,NA
"2425",NA,NA,NA
"2426",NA,NA,NA
"2427",NA,NA,NA
"2428",NA,NA,NA
"2429",NA,NA,NA
"2430",NA,NA,NA
"2431",NA,NA,NA
"2432",NA,NA,NA
"2433",NA,NA,NA
"2434",NA,NA,NA
"2435",NA,NA,NA
"2436",NA,NA,NA
"2437",NA,NA,NA
"2438",NA,NA,NA
"2439",NA,NA,NA
"2440",NA,NA,NA
"2441",NA,NA,NA
"2442",NA,NA,NA
"2443",NA,NA,NA
"2444",NA,NA,NA
"2445",NA,NA,NA
"2446",NA,NA,NA
"2447",NA,NA,NA
"2448",NA,NA,NA
"2449",NA,NA,NA
"2450",NA,NA,NA
"2451",NA,NA,NA
"2452",NA,NA,NA
"2453",NA,NA,NA
"2454",NA,NA,NA
"2455",NA,NA,NA
"2456",NA,NA,NA
"2457",NA,NA,NA
"2458",NA,NA,NA
"2459",NA,NA,NA
"2460",NA,NA,NA
"2461",NA,NA,NA
"2462",NA,NA,NA
"2463",NA,NA,NA
"2464",NA,NA,NA
"2465",NA,NA,NA
"2466",NA,NA,NA
"2467",NA,NA,NA
"2468",NA,NA,NA
"2469",NA,NA,NA
"2470",NA,NA,NA
"2471",NA,NA,NA
"2472",NA,NA,NA
"2473",NA,NA,NA
"2474",NA,NA,NA
"2475",NA,NA,NA
"2476",NA,NA,NA
"2477",NA,NA,NA
"2478",NA,NA,NA
"2479",NA,NA,NA
"2480",NA,NA,NA
"2481",NA,NA,NA
"2482",NA,NA,NA
"2483",NA,NA,NA
"2484",NA,NA,NA
"2485",NA,NA,NA
"2486",NA,NA,NA
"2487",NA,NA,NA
"2488",NA,NA,NA
"2489",NA,NA,NA
"2490",NA,NA,NA
"2491",NA,NA,NA
"2492",NA,NA,NA
"2493",NA,NA,NA
"2494",NA,NA,NA
"2495",NA,NA,NA
"2496",NA,NA,NA
"2497",NA,NA,NA
"2498",NA,NA,NA
"2499",NA,NA,NA
"2500",NA,NA,NA
"2501",NA,NA,NA
"2502",NA,NA,NA
"2503",NA,NA,NA
"2504",NA,NA,NA
"2505",NA,NA,NA
"2506",NA,NA,NA
"2507",NA,NA,NA
"2508",NA,NA,NA
"2509",NA,NA,NA
"2510",NA,NA,NA
"2511",NA,NA,NA
"2512",NA,NA,NA
"2513",NA,NA,NA
"2514",NA,NA,NA
"2515",NA,NA,NA
"2516",NA,NA,NA
"2517",NA,NA,NA
"2518",NA,NA,NA
"2519",NA,NA,NA
"2520",NA,NA,NA
"2521",NA,NA,NA
"2522",NA,NA,NA
"2523",NA,NA,NA
"2524",NA,NA,NA
"2525",NA,NA,NA
"2526",NA,NA,NA
"2527",NA,NA,NA
"2528",NA,NA,NA
"2529",NA,NA,NA
"2530",NA,NA,NA
"2531",NA,NA,NA
"2532",NA,NA,NA
"2533",NA,NA,NA
"2534",NA,NA,NA
"2535",NA,NA,NA
"2536",NA,NA,NA
"2537",NA,NA,NA
"2538",NA,NA,NA
"2539",NA,NA,NA
"2540",NA,NA,NA
"2541",NA,NA,NA
"2542",NA,NA,NA
"2543",NA,NA,NA
"2544",NA,NA,NA
"2545",NA,NA,NA
"2546",NA,NA,NA
"2547",NA,NA,NA
"2548",NA,NA,NA
"2549",NA,NA,NA
"2550",NA,NA,NA
"2551",NA,NA,NA
"2552",NA,NA,NA
"2553",NA,NA,NA
"2554",NA,NA,NA
"2555",NA,NA,NA
"2556",NA,NA,NA
"2557",NA,NA,NA
"2558",NA,NA,NA
"2559",NA,NA,NA
"2560",NA,NA,NA
"2561",NA,NA,NA
"2562",NA,NA,NA
"2563",NA,NA,NA
"2564",NA,NA,NA
"2565",NA,NA,NA
"2566",NA,NA,NA
"2567",NA,NA,NA
"2568",NA,NA,NA
"2569",NA,NA,NA
"2570",NA,NA,NA
"2571",NA,NA,NA
"2572",NA,NA,NA
"2573",NA,NA,NA
"2574",NA,NA,NA
"2575",NA,NA,NA
"2576",NA,NA,NA
"2577",NA,NA,NA
"2578",NA,NA,NA
"2579",NA,NA,NA
"2580",NA,NA,NA
"2581",NA,NA,NA
"2582",NA,NA,NA
"2583",NA,NA,NA
"2584",NA,NA,NA
"2585",NA,NA,NA
"2586",NA,NA,NA
"2587",NA,NA,NA
"2588",NA,NA,NA
"2589",NA,NA,NA
"2590",NA,NA,NA
"2591",NA,NA,NA
"2592",NA,NA,NA
"2593",NA,NA,NA
"2594",NA,NA,NA
"2595",NA,NA,NA
"2596",NA,NA,NA
"2597",NA,NA,NA
"2598",NA,NA,NA
"2599",NA,NA,NA
"2600",NA,NA,NA
"2601",NA,NA,NA
"2602",NA,NA,NA
"2603",NA,NA,NA
"2604",NA,NA,NA
"2605",NA,NA,NA
"2606",NA,NA,NA
"2607",NA,NA,NA
"2608",NA,NA,NA
"2609",NA,NA,NA
"2610",NA,NA,NA
"2611",NA,NA,NA
"2612",NA,NA,NA
"2613",NA,NA,NA
"2614",NA,NA,NA
"2615",NA,NA,NA
"2616",NA,NA,NA
"2617",NA,NA,NA
"2618",NA,NA,NA
"2619",NA,NA,NA
"2620",NA,NA,NA
"2621",NA,NA,NA
"2622",NA,NA,NA
"2623",NA,NA,NA
"2624",NA,NA,NA
"2625",NA,NA,NA
"2626",NA,NA,NA
"2627",NA,NA,NA
"2628",NA,NA,NA
"2629",NA,NA,NA
"2630",NA,NA,NA
"2631",NA,NA,NA
"2632",NA,NA,NA
"2633",NA,NA,NA
"2634",NA,NA,NA
"2635",NA,NA,NA
"2636",NA,NA,NA
"2637",NA,NA,NA
"2638",NA,NA,NA
"2639",NA,NA,NA
"2640",NA,NA,NA
"2641",NA,NA,NA
"2642",NA,NA,NA
"2643",NA,NA,NA
"2644",NA,NA,NA
"2645",NA,NA,NA
"2646",NA,NA,NA
"2647",NA,NA,NA
"2648",NA,NA,NA
"2649",NA,NA,NA
"2650",NA,NA,NA
"2651",NA,NA,NA
"2652",NA,NA,NA
"2653",NA,NA,NA
"2654",NA,NA,NA
"2655",NA,NA,NA
"2656",NA,NA,NA
"2657",NA,NA,NA
"2658",NA,NA,NA
"2659",NA,NA,NA
"2660",NA,NA,NA
"2661",NA,NA,NA
"2662",NA,NA,NA
"2663",NA,NA,NA
"2664",NA,NA,NA
"2665",NA,NA,NA
"2666",NA,NA,NA
"2667",NA,NA,NA
"2668",NA,NA,NA
"2669",NA,NA,NA
"2670",NA,NA,NA
"2671",NA,NA,NA
"2672",NA,NA,NA
"2673",NA,NA,NA
"2674",NA,NA,NA
"2675",NA,NA,NA
"2676",NA,NA,NA
"2677",NA,NA,NA
"2678",NA,NA,NA
"2679",NA,NA,NA
"2680",NA,NA,NA
"2681",NA,NA,NA
"2682",NA,NA,NA
"2683",NA,NA,NA
"2684",NA,NA,NA
"2685",NA,NA,NA
"2686",NA,NA,NA
"2687",NA,NA,NA
"2688",NA,NA,NA
"2689",NA,NA,NA
"2690",NA,NA,NA
"2691",NA,NA,NA
"2692",NA,NA,NA
"2693",NA,NA,NA
"2694",NA,NA,NA
"2695",NA,NA,NA
"2696",NA,NA,NA
"2697",NA,NA,NA
"2698",NA,NA,NA
"2699",NA,NA,NA
"2700",NA,NA,NA
"2701",NA,NA,NA
"2702",NA,NA,NA
"2703",NA,NA,NA
"2704",NA,NA,NA
"2705",NA,NA,NA
"2706",NA,NA,NA
"2707",NA,NA,NA
"2708",NA,NA,NA
"2709",NA,NA,NA
"2710",NA,NA,NA
"2711",NA,NA,NA
"2712",NA,NA,NA
"2713",NA,NA,NA
"2714",NA,NA,NA
"2715",NA,NA,NA
"2716",NA,NA,NA
"2717",NA,NA,NA
"2718",NA,NA,NA
"2719",NA,NA,NA
"2720",NA,NA,NA
"2721",NA,NA,NA
"2722",NA,NA,NA
"2723",NA,NA,NA
"2724",NA,NA,NA
"2725",NA,NA,NA
"2726",NA,NA,NA
"2727",NA,NA,NA
"2728",NA,NA,NA
"2729",NA,NA,NA
"2730",NA,NA,NA
"2731",NA,NA,NA
"2732",NA,NA,NA
"2733",NA,NA,NA
"2734",NA,NA,NA
"2735",NA,NA,NA
"2736",NA,NA,NA
"2737",NA,NA,NA
"2738",NA,NA,NA
"2739",NA,NA,NA
"2740",NA,NA,NA
"2741",NA,NA,NA
"2742",NA,NA,NA
"2743",NA,NA,NA
"2744",NA,NA,NA
"2745",NA,NA,NA
"2746",NA,NA,NA
"2747",NA,NA,NA
"2748",NA,NA,NA
"2749",NA,NA,NA
"2750",NA,NA,NA
"2751",NA,NA,NA
"2752",NA,NA,NA
"2753",NA,NA,NA
"2754",NA,NA,NA
"2755",NA,NA,NA
"2756",NA,NA,NA
"2757",NA,NA,NA
"2758",NA,NA,NA
"2759",NA,NA,NA
"2760",NA,NA,NA
"2761",NA,NA,NA
"2762",NA,NA,NA
"2763",NA,NA,NA
"2764",NA,NA,NA
"2765",NA,NA,NA
"2766",NA,NA,NA
"2767",NA,NA,NA
"2768",NA,NA,NA
"2769",NA,NA,NA
"2770",NA,NA,NA
"2771",NA,NA,NA
"2772",NA,NA,NA
"2773",NA,NA,NA
"2774",NA,NA,NA
"2775",NA,NA,NA
"2776",NA,NA,NA
"2777",NA,NA,NA
"2778",NA,NA,NA
"2779",NA,NA,NA
"2780",NA,NA,NA
"2781",NA,NA,NA
"2782",NA,NA,NA
"2783",NA,NA,NA
"2784",NA,NA,NA
"2785",NA,NA,NA
"2786",NA,NA,NA
"2787",NA,NA,NA
"2788",NA,NA,NA
"2789",NA,NA,NA
"2790",NA,NA,NA
"2791",NA,NA,NA
"2792",NA,NA,NA
"2793",NA,NA,NA
"2794",NA,NA,NA
"2795",NA,NA,NA
"2796",NA,NA,NA
"2797",NA,NA,NA
"2798",NA,NA,NA
"2799",NA,NA,NA
"2800",NA,NA,NA
"2801",NA,NA,NA
"2802",NA,NA,NA
"2803",NA,NA,NA
"2804",NA,NA,NA
"2805",NA,NA,NA
"2806",NA,NA,NA
"2807",NA,NA,NA
"2808",NA,NA,NA
"2809",NA,NA,NA
"2810",NA,NA,NA
"2811",NA,NA,NA
"2812",NA,NA,NA
"2813",NA,NA,NA
"2814",NA,NA,NA
"2815",NA,NA,NA
"2816",NA,NA,NA
"2817",NA,NA,NA
"2818",NA,NA,NA
"2819",NA,NA,NA
"2820",NA,NA,NA
"2821",NA,NA,NA
"2822",NA,NA,NA
"2823",NA,NA,NA
"2824",NA,NA,NA
"2825",NA,NA,NA
"2826",NA,NA,NA
"2827",NA,NA,NA
"2828",NA,NA,NA
"2829",NA,NA,NA
"2830",NA,NA,NA
"2831",NA,NA,NA
"2832",NA,NA,NA
"2833",NA,NA,NA
"2834",NA,NA,NA
"2835",NA,NA,NA
"2836",NA,NA,NA
"2837",NA,NA,NA
"2838",NA,NA,NA
"2839",NA,NA,NA
"2840",NA,NA,NA
"2841",NA,NA,NA
"2842",NA,NA,NA
"2843",NA,NA,NA
"2844",NA,NA,NA
"2845",NA,NA,NA
"2846",NA,NA,NA
"2847",NA,NA,NA
"2848",NA,NA,NA
"2849",NA,NA,NA
"2850",NA,NA,NA
"2851",NA,NA,NA
"2852",NA,NA,NA
"2853",NA,NA,NA
"2854",NA,NA,NA
"2855",NA,NA,NA
"2856",NA,NA,NA
"2857",NA,NA,NA
"2858",NA,NA,NA
"2859",NA,NA,NA
"2860",NA,NA,NA
"2861",NA,NA,NA
"2862",NA,NA,NA
"2863",NA,NA,NA
"2864",NA,NA,NA
"2865",NA,NA,NA
"2866",NA,NA,NA
"2867",NA,NA,NA
"2868",NA,NA,NA
"2869",NA,NA,NA
"2870",NA,NA,NA
"2871",NA,NA,NA
"2872",NA,NA,NA
"2873",NA,NA,NA
"2874",NA,NA,NA
"2875",NA,NA,NA
"2876",NA,NA,NA
"2877",NA,NA,NA
"2878",NA,NA,NA
"2879",NA,NA,NA
"2880",NA,NA,NA
"2881",NA,NA,NA
"2882",NA,NA,NA
"2883",NA,NA,NA
"2884",NA,NA,NA
"2885",NA,NA,NA
"2886",NA,NA,NA
"2887",NA,NA,NA
"2888",NA,NA,NA
"2889",NA,NA,NA
"2890",NA,NA,NA
"2891",NA,NA,NA
"2892",NA,NA,NA
"2893",NA,NA,NA
"2894",NA,NA,NA
"2895",NA,NA,NA
"2896",NA,NA,NA
"2897",NA,NA,NA
"2898",NA,NA,NA
"2899",NA,NA,NA
"2900",NA,NA,NA
"2901",NA,NA,NA
"2902",NA,NA,NA
"2903",NA,NA,NA
"2904",NA,NA,NA
"2905",NA,NA,NA
"2906",NA,NA,NA
"2907",NA,NA,NA
"2908",NA,NA,NA
"2909",NA,NA,NA
"2910",NA,NA,NA
"2911",NA,NA,NA
"2912",NA,NA,NA
"2913",NA,NA,NA
"2914",NA,NA,NA
"2915",NA,NA,NA
"2916",NA,NA,NA
"2917",NA,NA,NA
"2918",NA,NA,NA
"2919",NA,NA,NA
"2920",NA,NA,NA
"2921",NA,NA,NA
"2922",NA,NA,NA
"2923",NA,NA,NA
"2924",NA,NA,NA
"2925",NA,NA,NA
"2926",NA,NA,NA
"2927",NA,NA,NA
"2928",NA,NA,NA
"2929",NA,NA,NA
"2930",NA,NA,NA
"2931",NA,NA,NA
"2932",NA,NA,NA
"2933",NA,NA,NA
"2934",NA,NA,NA
"2935",NA,NA,NA
"2936",NA,NA,NA
"2937",NA,NA,NA
"2938",NA,NA,NA
"2939",NA,NA,NA
"2940",NA,NA,NA
"2941",NA,NA,NA
"2942",NA,NA,NA
"2943",NA,NA,NA
"2944",NA,NA,NA
"2945",NA,NA,NA
"2946",NA,NA,NA
"2947",NA,NA,NA
"2948",NA,NA,NA
"2949",NA,NA,NA
"2950",NA,NA,NA
"2951",NA,NA,NA
"2952",NA,NA,NA
"2953",NA,NA,NA
"2954",NA,NA,NA
"2955",NA,NA,NA
"2956",NA,NA,NA
"2957",NA,NA,NA
"2958",NA,NA,NA
"2959",NA,NA,NA
"2960",NA,NA,NA
"2961",NA,NA,NA
"2962",NA,NA,NA
"2963",NA,NA,NA
"2964",NA,NA,NA
"2965",NA,NA,NA
"2966",NA,NA,NA
"2967",NA,NA,NA
"2968",NA,NA,NA
"2969",NA,NA,NA
"2970",NA,NA,NA
"2971",NA,NA,NA
"2972",NA,NA,NA
"2973",NA,NA,NA
"2974",NA,NA,NA
"2975",NA,NA,NA
"2976",NA,NA,NA
"2977",NA,NA,NA
"2978",NA,NA,NA
"2979",NA,NA,NA
"2980",NA,NA,NA
"2981",NA,NA,NA
"2982",NA,NA,NA
"2983",NA,NA,NA
"2984",NA,NA,NA
"2985",NA,NA,NA
"2986",NA,NA,NA
"2987",NA,NA,NA
"2988",NA,NA,NA
"2989",NA,NA,NA
"2990",NA,NA,NA
"2991",NA,NA,NA
"2992",NA,NA,NA
"2993",NA,NA,NA
"2994",NA,NA,NA
"2995",NA,NA,NA
"2996",NA,NA,NA
"2997",NA,NA,NA
"2998",NA,NA,NA
"2999",NA,NA,NA
"3000",NA,NA,NA
"3001",NA,NA,NA
"3002",NA,NA,NA
"3003",NA,NA,NA
"3004",NA,NA,NA
"3005",NA,NA,NA
"3006",NA,NA,NA
"3007",NA,NA,NA
"3008",NA,NA,NA
"3009",NA,NA,NA
"3010",NA,NA,NA
"3011",NA,NA,NA
"3012",NA,NA,NA
"3013",NA,NA,NA
"3014",NA,NA,NA
"3015",NA,NA,NA
"3016",NA,NA,NA
"3017",NA,NA,NA
"3018",NA,NA,NA
"3019",NA,NA,NA
"3020",NA,NA,NA
"3021",NA,NA,NA
"3022",NA,NA,NA
"3023",NA,NA,NA
"3024",NA,NA,NA
"3025",NA,NA,NA
"3026",NA,NA,NA
"3027",NA,NA,NA
"3028",NA,NA,NA
"3029",NA,NA,NA
"3030",NA,NA,NA
"3031",NA,NA,NA
"3032",NA,NA,NA
"3033",NA,NA,NA
"3034",NA,NA,NA
"3035",NA,NA,NA
"3036",NA,NA,NA
"3037",NA,NA,NA
"3038",NA,NA,NA
"3039",NA,NA,NA
"3040",NA,NA,NA
"3041",NA,NA,NA
"3042",NA,NA,NA
"3043",NA,NA,NA
"3044",NA,NA,NA
"3045",NA,NA,NA
"3046",NA,NA,NA
"3047",NA,NA,NA
"3048",NA,NA,NA
"3049",NA,NA,NA
"3050",NA,NA,NA
"3051",NA,NA,NA
"3052",NA,NA,NA
"3053",NA,NA,NA
"3054",NA,NA,NA
"3055",NA,NA,NA
"3056",NA,NA,NA
"3057",NA,NA,NA
"3058",NA,NA,NA
"3059",NA,NA,NA
"3060",NA,NA,NA
"3061",NA,NA,NA
"3062",NA,NA,NA
"3063",NA,NA,NA
"3064",NA,NA,NA
"3065",NA,NA,NA
"3066",NA,NA,NA
"3067",NA,NA,NA
"3068",NA,NA,NA
"3069",NA,NA,NA
"3070",NA,NA,NA
"3071",NA,NA,NA
"3072",NA,NA,NA
"3073",NA,NA,NA
"3074",NA,NA,NA
"3075",NA,NA,NA
"3076",NA,NA,NA
"3077",NA,NA,NA
"3078",NA,NA,NA
"3079",NA,NA,NA
"3080",NA,NA,NA
"3081",NA,NA,NA
"3082",NA,NA,NA
"3083",NA,NA,NA
"3084",NA,NA,NA
"3085",NA,NA,NA
"3086",NA,NA,NA
"3087",NA,NA,NA
"3088",NA,NA,NA
"3089",NA,NA,NA
"3090",NA,NA,NA
"3091",NA,NA,NA
"3092",NA,NA,NA
"3093",NA,NA,NA
"3094",NA,NA,NA
"3095",NA,NA,NA
"3096",NA,NA,NA
"3097",NA,NA,NA
"3098",NA,NA,NA
"3099",NA,NA,NA
"3100",NA,NA,NA
"3101",NA,NA,NA
"3102",NA,NA,NA
"3103",NA,NA,NA
"3104",NA,NA,NA
"3105",NA,NA,NA
"3106",NA,NA,NA
"3107",NA,NA,NA
"3108",NA,NA,NA
"3109",NA,NA,NA
"3110",NA,NA,NA
"3111",NA,NA,NA
"3112",NA,NA,NA
"3113",NA,NA,NA
"3114",NA,NA,NA
"3115",NA,NA,NA
"3116",NA,NA,NA
"3117",NA,NA,NA
"3118",NA,NA,NA
"3119",NA,NA,NA
"3120",NA,NA,NA
"3121",NA,NA,NA
"3122",NA,NA,NA
"3123",NA,NA,NA
"3124",NA,NA,NA
"3125",NA,NA,NA
"3126",NA,NA,NA
"3127",NA,NA,NA
"3128",NA,NA,NA
"3129",NA,NA,NA
"3130",NA,NA,NA
"3131",NA,NA,NA
"3132",NA,NA,NA
"3133",NA,NA,NA
"3134",NA,NA,NA
"3135",NA,NA,NA
"3136",NA,NA,NA
"3137",NA,NA,NA
"3138",NA,NA,NA
"3139",NA,NA,NA
"3140",NA,NA,NA
"3141",NA,NA,NA
"3142",NA,NA,NA
"3143",NA,NA,NA
"3144",NA,NA,NA
"3145",NA,NA,NA
"3146",NA,NA,NA
"3147",NA,NA,NA
"3148",NA,NA,NA
"3149",NA,NA,NA
"3150",NA,NA,NA
"3151",NA,NA,NA
"3152",NA,NA,NA
"3153",NA,NA,NA
"3154",NA,NA,NA
"3155",NA,NA,NA
"3156",NA,NA,NA
"3157",NA,NA,NA
"3158",NA,NA,NA
"3159",NA,NA,NA
"3160",NA,NA,NA
"3161",NA,NA,NA
"3162",NA,NA,NA
"3163",NA,NA,NA
"3164",NA,NA,NA
"3165",NA,NA,NA
"3166",NA,NA,NA
"3167",NA,NA,NA
"3168",NA,NA,NA
"3169",NA,NA,NA
"3170",NA,NA,NA
"3171",NA,NA,NA
"3172",NA,NA,NA
"3173",NA,NA,NA
"3174",NA,NA,NA
"3175",NA,NA,NA
"3176",NA,NA,NA
"3177",NA,NA,NA
"3178",NA,NA,NA
"3179",NA,NA,NA
"3180",NA,NA,NA
"3181",NA,NA,NA
"3182",NA,NA,NA
"3183",NA,NA,NA
"3184",NA,NA,NA
"3185",NA,NA,NA
"3186",NA,NA,NA
"3187",NA,NA,NA
"3188",NA,NA,NA
"3189",NA,NA,NA
"3190",NA,NA,NA
"3191",NA,NA,NA
"3192",NA,NA,NA
"3193",NA,NA,NA
"3194",NA,NA,NA
"3195",NA,NA,NA
"3196",NA,NA,NA
"3197",NA,NA,NA
"3198",NA,NA,NA
"3199",NA,NA,NA
"3200",NA,NA,NA
"3201",NA,NA,NA
"3202",NA,NA,NA
"3203",NA,NA,NA
"3204",NA,NA,NA
"3205",NA,NA,NA
"3206",NA,NA,NA
"3207",NA,NA,NA
"3208",NA,NA,NA
"3209",NA,NA,NA
"3210",NA,NA,NA
"3211",NA,NA,NA
"3212",NA,NA,NA
"3213",NA,NA,NA
"3214",NA,NA,NA
"3215",NA,NA,NA
"3216",NA,NA,NA
"3217",NA,NA,NA
"3218",NA,NA,NA
"3219",NA,NA,NA
"3220",NA,NA,NA
"3221",NA,NA,NA
"3222",NA,NA,NA
"3223",NA,NA,NA
"3224",NA,NA,NA
"3225",NA,NA,NA
"3226",NA,NA,NA
"3227",NA,NA,NA
"3228",NA,NA,NA
"3229",NA,NA,NA
"3230",NA,NA,NA
"3231",NA,NA,NA
"3232",NA,NA,NA
"3233",NA,NA,NA
"3234",NA,NA,NA
"3235",NA,NA,NA
"3236",NA,NA,NA
"3237",NA,NA,NA
"3238",NA,NA,NA
"3239",NA,NA,NA
"3240",NA,NA,NA
"3241",NA,NA,NA
"3242",NA,NA,NA
"3243",NA,NA,NA
"3244",NA,NA,NA
"3245",NA,NA,NA
"3246",NA,NA,NA
"3247",NA,NA,NA
"3248",NA,NA,NA
"3249",NA,NA,NA
"3250",NA,NA,NA
"3251",NA,NA,NA
"3252",NA,NA,NA
"3253",NA,NA,NA
"3254",NA,NA,NA
"3255",NA,NA,NA
"3256",NA,NA,NA
"3257",NA,NA,NA
"3258",NA,NA,NA
"3259",NA,NA,NA
"3260",NA,NA,NA
"3261",NA,NA,NA
"3262",NA,NA,NA
"3263",NA,NA,NA
"3264",NA,NA,NA
"3265",NA,NA,NA
"3266",NA,NA,NA
"3267",NA,NA,NA
"3268",NA,NA,NA
"3269",NA,NA,NA
"3270",NA,NA,NA
"3271",NA,NA,NA
"3272",NA,NA,NA
"3273",NA,NA,NA
"3274",NA,NA,NA
"3275",NA,NA,NA
"3276",NA,NA,NA
"3277",NA,NA,NA
"3278",NA,NA,NA
"3279",NA,NA,NA
"3280",NA,NA,NA
"3281",NA,NA,NA
"3282",NA,NA,NA
"3283",NA,NA,NA
"3284",NA,NA,NA
"3285",NA,NA,NA
"3286",NA,NA,NA
"3287",NA,NA,NA
"3288",NA,NA,NA
"3289",NA,NA,NA
"3290",NA,NA,NA
"3291",NA,NA,NA
"3292",NA,NA,NA
"3293",NA,NA,NA
"3294",NA,NA,NA
"3295",NA,NA,NA
"3296",NA,NA,NA
"3297",NA,NA,NA
"3298",NA,NA,NA
"3299",NA,NA,NA
"3300",NA,NA,NA
"3301",NA,NA,NA
"3302",NA,NA,NA
"3303",NA,NA,NA
"3304",NA,NA,NA
"3305",NA,NA,NA
"3306",NA,NA,NA
"3307",NA,NA,NA
"3308",NA,NA,NA
"3309",NA,NA,NA
"3310",NA,NA,NA
"3311",NA,NA,NA
"3312",NA,NA,NA
"3313",NA,NA,NA
"3314",NA,NA,NA
"3315",NA,NA,NA
"3316",NA,NA,NA
"3317",NA,NA,NA
"3318",NA,NA,NA
"3319",NA,NA,NA
"3320",NA,NA,NA
"3321",NA,NA,NA
"3322",NA,NA,NA
"3323",NA,NA,NA
"3324",NA,NA,NA
"3325",NA,NA,NA
"3326",NA,NA,NA
"3327",NA,NA,NA
"3328",NA,NA,NA
"3329",NA,NA,NA
"3330",NA,NA,NA
"3331",NA,NA,NA
"3332",NA,NA,NA
"3333",NA,NA,NA
"3334",NA,NA,NA
"3335",NA,NA,NA
"3336",NA,NA,NA
"3337",NA,NA,NA
"3338",NA,NA,NA
"3339",NA,NA,NA
"3340",NA,NA,NA
"3341",NA,NA,NA
"3342",NA,NA,NA
"3343",NA,NA,NA
"3344",NA,NA,NA
"3345",NA,NA,NA
"3346",NA,NA,NA
"3347",NA,NA,NA
"3348",NA,NA,NA
"3349",NA,NA,NA
"3350",NA,NA,NA
"3351",NA,NA,NA
"3352",NA,NA,NA
"3353",NA,NA,NA
"3354",NA,NA,NA
"3355",NA,NA,NA
"3356",NA,NA,NA
"3357",NA,NA,NA
"3358",NA,NA,NA
"3359",NA,NA,NA
"3360",NA,NA,NA
"3361",NA,NA,NA
"3362",NA,NA,NA
"3363",NA,NA,NA
"3364",NA,NA,NA
"3365",NA,NA,NA
"3366",NA,NA,NA
"3367",NA,NA,NA
"3368",NA,NA,NA
"3369",NA,NA,NA
"3370",NA,NA,NA
"3371",NA,NA,NA
"3372",NA,NA,NA
"3373",NA,NA,NA
"3374",NA,NA,NA
"3375",NA,NA,NA
"3376",NA,NA,NA
"3377",NA,NA,NA
"3378",NA,NA,NA
"3379",NA,NA,NA
"3380",NA,NA,NA
"3381",NA,NA,NA
"3382",NA,NA,NA
"3383",NA,NA,NA
"3384",NA,NA,NA
"3385",NA,NA,NA
"3386",NA,NA,NA
"3387",NA,NA,NA
"3388",NA,NA,NA
"3389",NA,NA,NA
"3390",NA,NA,NA
"3391",NA,NA,NA
"3392",NA,NA,NA
"3393",NA,NA,NA
"3394",NA,NA,NA
"3395",NA,NA,NA
"3396",NA,NA,NA
"3397",NA,NA,NA
"3398",NA,NA,NA
"3399",NA,NA,NA
"3400",NA,NA,NA
"3401",NA,NA,NA
"3402",NA,NA,NA
"3403",NA,NA,NA
"3404",NA,NA,NA
"3405",NA,NA,NA
"3406",NA,NA,NA
"3407",NA,NA,NA
"3408",NA,NA,NA
"3409",NA,NA,NA
"3410",NA,NA,NA
"3411",NA,NA,NA
"3412",NA,NA,NA
"3413",NA,NA,NA
"3414",NA,NA,NA
"3415",NA,NA,NA
"3416",NA,NA,NA
"3417",NA,NA,NA
"3418",NA,NA,NA
"3419",NA,NA,NA
"3420",NA,NA,NA
"3421",NA,NA,NA
"3422",NA,NA,NA
"3423",NA,NA,NA
"3424",NA,NA,NA
"3425",NA,NA,NA
"3426",NA,NA,NA
"3427",NA,NA,NA
"3428",NA,NA,NA
"3429",NA,NA,NA
"3430",NA,NA,NA
"3431",NA,NA,NA
"3432",NA,NA,NA
"3433",NA,NA,NA
"3434",NA,NA,NA
"3435",NA,NA,NA
"3436",NA,NA,NA
"3437",NA,NA,NA
"3438",NA,NA,NA
"3439",NA,NA,NA
"3440",NA,NA,NA
"3441",NA,NA,NA
"3442",NA,NA,NA
"3443",NA,NA,NA
"3444",NA,NA,NA
"3445",NA,NA,NA
"3446",NA,NA,NA
"3447",NA,NA,NA
"3448",NA,NA,NA
"3449",NA,NA,NA
"3450",NA,NA,NA
"3451",NA,NA,NA
"3452",NA,NA,NA
"3453",NA,NA,NA
"3454",NA,NA,NA
"3455",NA,NA,NA
"3456",NA,NA,NA
"3457",NA,NA,NA
"3458",NA,NA,NA
"3459",NA,NA,NA
"3460",NA,NA,NA
"3461",NA,NA,NA
"3462",NA,NA,NA
"3463",NA,NA,NA
"3464",NA,NA,NA
"3465",NA,NA,NA
"3466",NA,NA,NA
"3467",NA,NA,NA
"3468",NA,NA,NA
"3469",NA,NA,NA
"3470",NA,NA,NA
"3471",NA,NA,NA
"3472",NA,NA,NA
"3473",NA,NA,NA
"3474",NA,NA,NA
"3475",NA,NA,NA
"3476",NA,NA,NA
"3477",NA,NA,NA
"3478",NA,NA,NA
"3479",NA,NA,NA
"3480",NA,NA,NA
"3481",NA,NA,NA
"3482",NA,NA,NA
"3483",NA,NA,NA
"3484",NA,NA,NA
"3485",NA,NA,NA
"3486",NA,NA,NA
"3487",NA,NA,NA
"3488",NA,NA,NA
"3489",NA,NA,NA
"3490",NA,NA,NA
"3491",NA,NA,NA
"3492",NA,NA,NA
"3493",NA,NA,NA
"3494",NA,NA,NA
"3495",NA,NA,NA
"3496",NA,NA,NA
"3497",NA,NA,NA
"3498",NA,NA,NA
"3499",NA,NA,NA
"3500",NA,NA,NA
"3501",NA,NA,NA
"3502",NA,NA,NA
"3503",NA,NA,NA
"3504",NA,NA,NA
"3505",NA,NA,NA
"3506",NA,NA,NA
"3507",NA,NA,NA
"3508",NA,NA,NA
"3509",NA,NA,NA
"3510",NA,NA,NA
"3511",NA,NA,NA
"3512",NA,NA,NA
"3513",NA,NA,NA
"3514",NA,NA,NA
"3515",NA,NA,NA
"3516",NA,NA,NA
"3517",NA,NA,NA
"3518",NA,NA,NA
"3519",NA,NA,NA
"3520",NA,NA,NA
"3521",NA,NA,NA
"3522",NA,NA,NA
"3523",NA,NA,NA
"3524",NA,NA,NA
"3525",NA,NA,NA
"3526",NA,NA,NA
"3527",NA,NA,NA
"3528",NA,NA,NA
"3529",NA,NA,NA
"3530",NA,NA,NA
"3531",NA,NA,NA
"3532",NA,NA,NA
"3533",NA,NA,NA
"3534",NA,NA,NA
"3535",NA,NA,NA
"3536",NA,NA,NA
"3537",NA,NA,NA
"3538",NA,NA,NA
"3539",NA,NA,NA
"3540",NA,NA,NA
"3541",NA,NA,NA
"3542",NA,NA,NA
"3543",NA,NA,NA
"3544",NA,NA,NA
"3545",NA,NA,NA
"3546",NA,NA,NA
"3547",NA,NA,NA
"3548",NA,NA,NA
"3549",NA,NA,NA
"3550",NA,NA,NA
"3551",NA,NA,NA
"3552",NA,NA,NA
"3553",NA,NA,NA
"3554",NA,NA,NA
"3555",NA,NA,NA
"3556",NA,NA,NA
"3557",NA,NA,NA
"3558",NA,NA,NA
"3559",NA,NA,NA
"3560",NA,NA,NA
"3561",NA,NA,NA
"3562",NA,NA,NA
"3563",NA,NA,NA
"3564",NA,NA,NA
"3565",NA,NA,NA
"3566",NA,NA,NA
"3567",NA,NA,NA
"3568",NA,NA,NA
"3569",NA,NA,NA
"3570",NA,NA,NA
"3571",NA,NA,NA
"3572",NA,NA,NA
"3573",NA,NA,NA
"3574",NA,NA,NA
"3575",NA,NA,NA
"3576",NA,NA,NA
"3577",NA,NA,NA
"3578",NA,NA,NA
"3579",NA,NA,NA
"3580",NA,NA,NA
"3581",NA,NA,NA
"3582",NA,NA,NA
"3583",NA,NA,NA
"3584",NA,NA,NA
"3585",NA,NA,NA
"3586",NA,NA,NA
"3587",NA,NA,NA
"3588",NA,NA,NA
"3589",NA,NA,NA
"3590",NA,NA,NA
"3591",NA,NA,NA
"3592",NA,NA,NA
"3593",NA,NA,NA
"3594",NA,NA,NA
"3595",NA,NA,NA
"3596",NA,NA,NA
"3597",NA,NA,NA
"3598",NA,NA,NA
"3599",NA,NA,NA
"3600",NA,NA,NA
"3601",NA,NA,NA
"3602",NA,NA,NA
"3603",NA,NA,NA
"3604",NA,NA,NA
"3605",NA,NA,NA
"3606",NA,NA,NA
"3607",NA,NA,NA
"3608",NA,NA,NA
"3609",NA,NA,NA
"3610",NA,NA,NA
"3611",NA,NA,NA
"3612",NA,NA,NA
"3613",NA,NA,NA
"3614",NA,NA,NA
"3615",NA,NA,NA
"3616",NA,NA,NA
"3617",NA,NA,NA
"3618",NA,NA,NA
"3619",NA,NA,NA
"3620",NA,NA,NA
"3621",NA,NA,NA
"3622",NA,NA,NA
"3623",NA,NA,NA
"3624",NA,NA,NA
"3625",NA,NA,NA
"3626",NA,NA,NA
"3627",NA,NA,NA
"3628",NA,NA,NA
"3629",NA,NA,NA
"3630",NA,NA,NA
"3631",NA,NA,NA
"3632",NA,NA,NA
"3633",NA,NA,NA
"3634",NA,NA,NA
"3635",NA,NA,NA
"3636",NA,NA,NA
"3637",NA,NA,NA
"3638",NA,NA,NA
"3639",NA,NA,NA
"3640",NA,NA,NA
"3641",NA,NA,NA
"3642",NA,NA,NA
"3643",NA,NA,NA
"3644",NA,NA,NA
"3645",NA,NA,NA
"3646",NA,NA,NA
"3647",NA,NA,NA
"3648",NA,NA,NA
"3649",NA,NA,NA
"3650",NA,NA,NA
"3651",NA,NA,NA
"3652",NA,NA,NA
"3653",NA,NA,NA
"3654",NA,NA,NA
"3655",NA,NA,NA
"3656",NA,NA,NA
"3657",NA,NA,NA
"3658",NA,NA,NA
"3659",NA,NA,NA
"3660",NA,NA,NA
"3661",NA,NA,NA
"3662",NA,NA,NA
"3663",NA,NA,NA
"3664",NA,NA,NA
"3665",NA,NA,NA
"3666",NA,NA,NA
"3667",NA,NA,NA
"3668",NA,NA,NA
"3669",NA,NA,NA
"3670",NA,NA,NA
"3671",NA,NA,NA
"3672",NA,NA,NA
"3673",NA,NA,NA
"3674",NA,NA,NA
"3675",NA,NA,NA
"3676",NA,NA,NA
"3677",NA,NA,NA
"3678",NA,NA,NA
"3679",NA,NA,NA
"3680",NA,NA,NA
"3681",NA,NA,NA
"3682",NA,NA,NA
"3683",NA,NA,NA
"3684",NA,NA,NA
"3685",NA,NA,NA
"3686",NA,NA,NA
"3687",NA,NA,NA
"3688",NA,NA,NA
"3689",NA,NA,NA
"3690",NA,NA,NA
"3691",NA,NA,NA
"3692",NA,NA,NA
"3693",NA,NA,NA
"3694",NA,NA,NA
"3695",NA,NA,NA
"3696",NA,NA,NA
"3697",NA,NA,NA
"3698",NA,NA,NA
"3699",NA,NA,NA
"3700",NA,NA,NA
"3701",NA,NA,NA
"3702",NA,NA,NA
"3703",NA,NA,NA
"3704",NA,NA,NA
"3705",NA,NA,NA
"3706",NA,NA,NA
"3707",NA,NA,NA
"3708",NA,NA,NA
"3709",NA,NA,NA
"3710",NA,NA,NA
"3711",NA,NA,NA
"3712",NA,-0.495327102803738,0.285714285714286
"3713",NA,-0.548387096774194,0.25
"3714",NA,-0.578947368421053,0.25
"3715",NA,-0.570093457943925,0.311475409836066
"3716",NA,-0.0810810810810811,0.917355371900826
"3717",NA,NA,NA
"3718",NA,NA,NA
"3719",NA,NA,NA
"3720",NA,NA,NA
"3721",NA,NA,NA
"3722",NA,NA,NA
"3723",NA,NA,NA
"3724",NA,NA,NA
"3725",NA,NA,NA
"3726",NA,NA,NA
"3727",NA,NA,1
"3728",NA,0.0638297872340425,0.584905660377358
"3729",NA,-0.448275862068966,0.0454545454545455
"3730",NA,-0.2,-0.0188679245283019
"3731",NA,-0.0491803278688525,-0.103448275862069
"3732",NA,-0.027027027027027,-0.0555555555555556
"3733",NA,-0.12280701754386,0.0588235294117647
"3734",NA,-0.260869565217391,0.159420289855072
"3735",NA,-0.373134328358209,0.245901639344262
"3736",NA,NA,NA
"3737",NA,NA,NA
"3738",NA,NA,NA
"3739",NA,NA,NA
"3740",NA,NA,NA
"3741",NA,NA,NA
"3742",NA,NA,NA
"3743",NA,NA,NA
"3744",NA,NA,NA
"3745",NA,NA,NA
"3746",NA,NA,NA
"3747",NA,NA,NA
"3748",NA,NA,NA
"3749",NA,NA,NA
"3750",NA,NA,NA
"3751",NA,NA,NA
"3752",NA,NA,NA
"3753",NA,NA,NA
"3754",NA,NA,NA
